[{"pk": 65, "model": "order.order", "fields": {"status": "CR", "total_amount": 0.0, "creation_date": "2010-12-11 11:30:17", "user": 2, "address": null, "employee": 1, "additional_info": null, "unit": 1}}, {"pk": 64, "model": "order.order", "fields": {"status": "AB", "total_amount": 4.0, "creation_date": "2010-11-13 14:57:44", "user": 2, "address": null, "employee": 1, "additional_info": null, "unit": 2}}, {"pk": 63, "model": "order.order", "fields": {"status": "AB", "total_amount": 18.0, "creation_date": "2010-11-13 14:56:28", "user": 2, "address": null, "employee": 1, "additional_info": null, "unit": 1}}, {"pk": 61, "model": "order.order", "fields": {"status": "RV", "total_amount": 72.0, "creation_date": "2010-11-11 10:48:23", "user": 2, "address": 1, "employee": 1, "additional_info": "", "unit": 1}}, {"pk": 60, "model": "order.order", "fields": {"status": "AB", "total_amount": 12.0, "creation_date": "2010-11-04 11:57:32", "user": 2, "address": null, "employee": 1, "additional_info": null, "unit": 2}}, {"pk": 59, "model": "order.order", "fields": {"status": "AB", "total_amount": 72.0, "creation_date": "2010-11-04 11:06:24", "user": 2, "address": null, "employee": 1, "additional_info": null, "unit": 1}}, {"pk": 58, "model": "order.order", "fields": {"status": "DL", "total_amount": 19.0, "creation_date": "2010-11-03 12:54:33", "user": 2, "address": 7, "employee": 1, "additional_info": "", "unit": 1}}, {"pk": 56, "model": "order.order", "fields": {"status": "DL", "total_amount": 37.0, "creation_date": "2010-10-27 17:35:53", "user": 2, "address": null, "employee": 1, "additional_info": "", "unit": 1}}, {"pk": 55, "model": "order.order", "fields": {"status": "AB", "total_amount": 21.0, "creation_date": "2010-10-18 13:57:57", "user": 2, "address": 1, "employee": 1, "additional_info": "", "unit": 1}}, {"pk": 54, "model": "order.order", "fields": {"status": "RV", "total_amount": 5.0, "creation_date": "2010-10-18 12:12:03", "user": 2, "address": null, "employee": 1, "additional_info": "", "unit": 2}}, {"pk": 53, "model": "order.order", "fields": {"status": "RV", "total_amount": 42.0, "creation_date": "2010-10-18 10:38:01", "user": 2, "address": 1, "employee": 1, "additional_info": "", "unit": 1}}, {"pk": 52, "model": "order.order", "fields": {"status": "RV", "total_amount": 9.0, "creation_date": "2010-10-14 14:00:47", "user": 2, "address": 1, "employee": 1, "additional_info": "", "unit": 1}}, {"pk": 51, "model": "order.order", "fields": {"status": "AB", "total_amount": 9.0, "creation_date": "2010-10-12 17:24:00", "user": 2, "address": 1, "employee": 1, "additional_info": "", "unit": 1}}, {"pk": 50, "model": "order.order", "fields": {"status": "AB", "total_amount": 11.0, "creation_date": "2010-10-12 17:19:43", "user": 2, "address": 1, "employee": 1, "additional_info": "", "unit": 1}}, {"pk": 49, "model": "order.order", "fields": {"status": "AB", "total_amount": 9.0, "creation_date": "2010-10-12 16:40:10", "user": 2, "address": 1, "employee": 1, "additional_info": "", "unit": 1}}, {"pk": 48, "model": "order.order", "fields": {"status": "AB", "total_amount": 11.0, "creation_date": "2010-10-11 12:43:14", "user": 2, "address": 1, "employee": 1, "additional_info": "", "unit": 1}}, {"pk": 40, "model": "order.order", "fields": {"status": "DL", "total_amount": 11.0, "creation_date": "2010-10-05 16:35:51", "user": 2, "address": null, "employee": 1, "additional_info": "", "unit": 1}}, {"pk": 39, "model": "order.order", "fields": {"status": "AB", "total_amount": 3.23, "creation_date": "2010-10-04 09:52:11", "user": 2, "address": null, "employee": 1, "additional_info": null, "unit": 1}}, {"pk": 38, "model": "order.order", "fields": {"status": "AB", "total_amount": 1.23, "creation_date": "2010-10-02 18:07:17", "user": 2, "address": 1, "employee": 1, "additional_info": "hello", "unit": 1}}, {"pk": 34, "model": "order.order", "fields": {"status": "AB", "total_amount": 1.23, "creation_date": "2010-09-30 13:51:37", "user": 2, "address": 3, "employee": 1, "additional_info": "nn", "unit": 1}}, {"pk": 33, "model": "order.order", "fields": {"status": "AB", "total_amount": 10.0, "creation_date": "2010-09-30 13:50:31", "user": 2, "address": null, "employee": 1, "additional_info": "test", "unit": 1}}, {"pk": 32, "model": "order.order", "fields": {"status": "DL", "total_amount": 94.919999999999987, "creation_date": "2010-09-30 13:47:22", "user": 2, "address": null, "employee": 1, "additional_info": "mama", "unit": 1}}, {"pk": 31, "model": "order.order", "fields": {"status": "AB", "total_amount": 21.23, "creation_date": "2010-09-30 13:42:32", "user": 2, "address": null, "employee": 1, "additional_info": "", "unit": 1}}, {"pk": 30, "model": "order.order", "fields": {"status": "AB", "total_amount": 1.0, "creation_date": "2010-09-30 13:40:47", "user": 3, "address": null, "employee": 1, "additional_info": "", "unit": 2}}, {"pk": 28, "model": "order.order", "fields": {"status": "AB", "total_amount": 21.23, "creation_date": "2010-09-30 13:28:59", "user": 2, "address": null, "employee": 1, "additional_info": "", "unit": 1}}, {"pk": 27, "model": "order.order", "fields": {"status": "AB", "total_amount": 21.23, "creation_date": "2010-09-29 16:42:31", "user": 2, "address": 2, "employee": 1, "additional_info": "Sa aduceti calda", "unit": 1}}, {"pk": 26, "model": "order.order", "fields": {"status": "AB", "total_amount": 23.690000000000001, "creation_date": "2010-09-29 15:57:19", "user": 2, "address": 1, "employee": 1, "additional_info": "More info here", "unit": 1}}, {"pk": 25, "model": "order.order", "fields": {"status": "AB", "total_amount": 23.690000000000001, "creation_date": "2010-09-29 15:16:14", "user": 2, "address": 5, "employee": 1, "additional_info": "", "unit": 1}}, {"pk": 24, "model": "order.order", "fields": {"status": "AB", "total_amount": 24.690000000000001, "creation_date": "2010-09-29 15:11:19", "user": 2, "address": 3, "employee": 1, "additional_info": "", "unit": 1}}, {"pk": 23, "model": "order.order", "fields": {"status": "AB", "total_amount": 24.690000000000001, "creation_date": "2010-09-29 12:39:11", "user": 2, "address": 1, "employee": 1, "additional_info": "", "unit": 1}}, {"pk": 22, "model": "order.order", "fields": {"status": "AB", "total_amount": 13.0, "creation_date": "2010-09-29 11:12:33", "user": 2, "address": 1, "employee": 1, "additional_info": "", "unit": 2}}, {"pk": 21, "model": "order.order", "fields": {"status": "AB", "total_amount": 13.0, "creation_date": "2010-09-29 11:08:22", "user": 2, "address": null, "employee": 1, "additional_info": "", "unit": 2}}, {"pk": 20, "model": "order.order", "fields": {"status": "AB", "total_amount": 94.919999999999987, "creation_date": "2010-09-29 10:51:11", "user": 2, "address": null, "employee": 1, "additional_info": "dsds", "unit": 1}}, {"pk": 19, "model": "order.order", "fields": {"status": "AB", "total_amount": 94.919999999999987, "creation_date": "2010-09-29 10:45:50", "user": 2, "address": null, "employee": 1, "additional_info": "", "unit": 1}}, {"pk": 18, "model": "order.order", "fields": {"status": "AB", "total_amount": 94.919999999999987, "creation_date": "2010-09-28 15:35:05", "user": 2, "address": null, "employee": 1, "additional_info": null, "unit": 1}}, {"pk": 17, "model": "order.order", "fields": {"status": "AB", "total_amount": 94.919999999999987, "creation_date": "2010-09-28 15:30:44", "user": 2, "address": null, "employee": 1, "additional_info": null, "unit": 1}}, {"pk": 15, "model": "order.order", "fields": {"status": "AB", "total_amount": 94.919999999999987, "creation_date": "2010-09-28 15:27:30", "user": 2, "address": null, "employee": 1, "additional_info": null, "unit": 1}}, {"pk": 14, "model": "order.order", "fields": {"status": "AB", "total_amount": 1.0, "creation_date": "2010-09-27 12:21:49", "user": 2, "address": null, "employee": 1, "additional_info": null, "unit": 2}}, {"pk": 12, "model": "order.order", "fields": {"status": "AB", "total_amount": 1.23, "creation_date": "2010-09-27 10:51:20", "user": 2, "address": null, "employee": 1, "additional_info": null, "unit": 1}}, {"pk": 11, "model": "order.order", "fields": {"status": "AB", "total_amount": 24.690000000000001, "creation_date": "2010-09-25 12:27:22", "user": 2, "address": null, "employee": 1, "additional_info": null, "unit": 1}}, {"pk": 10, "model": "order.order", "fields": {"status": "AB", "total_amount": 13.0, "creation_date": "2010-09-24 13:16:13", "user": 2, "address": null, "employee": 1, "additional_info": null, "unit": 2}}, {"pk": 8, "model": "order.order", "fields": {"status": "AB", "total_amount": 108.38, "creation_date": "2010-09-24 10:38:49", "user": 2, "address": null, "employee": 1, "additional_info": null, "unit": 1}}, {"pk": 7, "model": "order.order", "fields": {"status": "AB", "total_amount": 1.0, "creation_date": "2010-09-23 16:18:04", "user": 2, "address": null, "employee": 1, "additional_info": null, "unit": 2}}, {"pk": 3, "model": "order.order", "fields": {"status": "AB", "total_amount": 5.0, "creation_date": "2010-09-23 15:18:20", "user": 2, "address": null, "employee": 1, "additional_info": null, "unit": 2}}, {"pk": 1, "model": "order.orderitem", "fields": {"count": 1, "menu_of_the_day": null, "old_price": 1.0, "cart": null, "item": 5, "order": 3}}, {"pk": 2, "model": "order.orderitem", "fields": {"count": 1, "menu_of_the_day": null, "old_price": 1.0, "cart": null, "item": 5, "order": 3}}, {"pk": 3, "model": "order.orderitem", "fields": {"count": 1, "menu_of_the_day": null, "old_price": 1.0, "cart": null, "item": 5, "order": 3}}, {"pk": 4, "model": "order.orderitem", "fields": {"count": 1, "menu_of_the_day": null, "old_price": 1.0, "cart": null, "item": 5, "order": 3}}, {"pk": 5, "model": "order.orderitem", "fields": {"count": 1, "menu_of_the_day": null, "old_price": 1.0, "cart": null, "item": 5, "order": 3}}, {"pk": 6, "model": "order.orderitem", "fields": {"count": 1, "menu_of_the_day": null, "old_price": 1.0, "cart": null, "item": 5, "order": 7}}, {"pk": 7, "model": "order.orderitem", "fields": {"count": 1, "menu_of_the_day": null, "old_price": 1.23, "cart": null, "item": 1, "order": 8}}, {"pk": 8, "model": "order.orderitem", "fields": {"count": 1, "menu_of_the_day": null, "old_price": 10.0, "cart": null, "item": 2, "order": 8}}, {"pk": 9, "model": "order.orderitem", "fields": {"count": 1, "menu_of_the_day": null, "old_price": 1.0, "cart": null, "item": 3, "order": 8}}, {"pk": 10, "model": "order.orderitem", "fields": {"count": 1, "menu_of_the_day": null, "old_price": 1.23, "cart": null, "item": 1, "order": 8}}, {"pk": 11, "model": "order.orderitem", "fields": {"count": 1, "menu_of_the_day": null, "old_price": 10.0, "cart": null, "item": 2, "order": 8}}, {"pk": 12, "model": "order.orderitem", "fields": {"count": 1, "menu_of_the_day": null, "old_price": 1.0, "cart": null, "item": 3, "order": 8}}, {"pk": 13, "model": "order.orderitem", "fields": {"count": 1, "menu_of_the_day": null, "old_price": 1.0, "cart": null, "item": 4, "order": 8}}, {"pk": 14, "model": "order.orderitem", "fields": {"count": 1, "menu_of_the_day": null, "old_price": 10.0, "cart": null, "item": 2, "order": 8}}, {"pk": 15, "model": "order.orderitem", "fields": {"count": 1, "menu_of_the_day": null, "old_price": 1.0, "cart": null, "item": 4, "order": 8}}, {"pk": 16, "model": "order.orderitem", "fields": {"count": 1, "menu_of_the_day": null, "old_price": 1.0, "cart": null, "item": 4, "order": 8}}, {"pk": 17, "model": "order.orderitem", "fields": {"count": 1, "menu_of_the_day": null, "old_price": 10.0, "cart": null, "item": 2, "order": 8}}, {"pk": 18, "model": "order.orderitem", "fields": {"count": 1, "menu_of_the_day": null, "old_price": 1.23, "cart": null, "item": 1, "order": 8}}, {"pk": 19, "model": "order.orderitem", "fields": {"count": 1, "menu_of_the_day": null, "old_price": 1.23, "cart": null, "item": 1, "order": 8}}, {"pk": 20, "model": "order.orderitem", "fields": {"count": 1, "menu_of_the_day": null, "old_price": 10.0, "cart": null, "item": 2, "order": 8}}, {"pk": 21, "model": "order.orderitem", "fields": {"count": 1, "menu_of_the_day": null, "old_price": 1.0, "cart": null, "item": 4, "order": 8}}, {"pk": 22, "model": "order.orderitem", "fields": {"count": 1, "menu_of_the_day": null, "old_price": 1.23, "cart": null, "item": 1, "order": 8}}, {"pk": 23, "model": "order.orderitem", "fields": {"count": 1, "menu_of_the_day": null, "old_price": 1.0, "cart": null, "item": 4, "order": 8}}, {"pk": 24, "model": "order.orderitem", "fields": {"count": 1, "menu_of_the_day": null, "old_price": 10.0, "cart": null, "item": 2, "order": 8}}, {"pk": 25, "model": "order.orderitem", "fields": {"count": 1, "menu_of_the_day": null, "old_price": 10.0, "cart": null, "item": 2, "order": 8}}, {"pk": 26, "model": "order.orderitem", "fields": {"count": 1, "menu_of_the_day": null, "old_price": 1.0, "cart": null, "item": 3, "order": 8}}, {"pk": 27, "model": "order.orderitem", "fields": {"count": 1, "menu_of_the_day": null, "old_price": 1.0, "cart": null, "item": 3, "order": 8}}, {"pk": 28, "model": "order.orderitem", "fields": {"count": 1, "menu_of_the_day": null, "old_price": 1.23, "cart": null, "item": 1, "order": 8}}, {"pk": 29, "model": "order.orderitem", "fields": {"count": 1, "menu_of_the_day": null, "old_price": 10.0, "cart": null, "item": 2, "order": 8}}, {"pk": 30, "model": "order.orderitem", "fields": {"count": 1, "menu_of_the_day": null, "old_price": 10.0, "cart": null, "item": 2, "order": 8}}, {"pk": 31, "model": "order.orderitem", "fields": {"count": 1, "menu_of_the_day": null, "old_price": 1.0, "cart": null, "item": 3, "order": 8}}, {"pk": 32, "model": "order.orderitem", "fields": {"count": 1, "menu_of_the_day": null, "old_price": 1.0, "cart": null, "item": 3, "order": 8}}, {"pk": 33, "model": "order.orderitem", "fields": {"count": 1, "menu_of_the_day": null, "old_price": 1.0, "cart": null, "item": 5, "order": 10}}, {"pk": 34, "model": "order.orderitem", "fields": {"count": 1, "menu_of_the_day": null, "old_price": 1.0, "cart": null, "item": 5, "order": 10}}, {"pk": 35, "model": "order.orderitem", "fields": {"count": 1, "menu_of_the_day": null, "old_price": 1.0, "cart": null, "item": 5, "order": 10}}, {"pk": 36, "model": "order.orderitem", "fields": {"count": 1, "menu_of_the_day": null, "old_price": 1.0, "cart": null, "item": 5, "order": 10}}, {"pk": 37, "model": "order.orderitem", "fields": {"count": 1, "menu_of_the_day": null, "old_price": 1.0, "cart": null, "item": 5, "order": 10}}, {"pk": 38, "model": "order.orderitem", "fields": {"count": 1, "menu_of_the_day": null, "old_price": 1.0, "cart": null, "item": 5, "order": 10}}, {"pk": 39, "model": "order.orderitem", "fields": {"count": 1, "menu_of_the_day": null, "old_price": 1.0, "cart": null, "item": 5, "order": 10}}, {"pk": 40, "model": "order.orderitem", "fields": {"count": 1, "menu_of_the_day": null, "old_price": 1.0, "cart": null, "item": 5, "order": 10}}, {"pk": 41, "model": "order.orderitem", "fields": {"count": 1, "menu_of_the_day": null, "old_price": 1.0, "cart": null, "item": 5, "order": 10}}, {"pk": 42, "model": "order.orderitem", "fields": {"count": 1, "menu_of_the_day": null, "old_price": 1.0, "cart": null, "item": 5, "order": 10}}, {"pk": 43, "model": "order.orderitem", "fields": {"count": 1, "menu_of_the_day": null, "old_price": 1.0, "cart": null, "item": 5, "order": 10}}, {"pk": 44, "model": "order.orderitem", "fields": {"count": 1, "menu_of_the_day": null, "old_price": 1.0, "cart": null, "item": 5, "order": 10}}, {"pk": 45, "model": "order.orderitem", "fields": {"count": 1, "menu_of_the_day": null, "old_price": 1.0, "cart": null, "item": 5, "order": 10}}, {"pk": 46, "model": "order.orderitem", "fields": {"count": 1, "menu_of_the_day": null, "old_price": 10.0, "cart": "rif", "item": 2, "order": 11}}, {"pk": 50, "model": "order.orderitem", "fields": {"count": 1, "menu_of_the_day": null, "old_price": 1.23, "cart": "rif", "item": 1, "order": 11}}, {"pk": 51, "model": "order.orderitem", "fields": {"count": 1, "menu_of_the_day": null, "old_price": 1.23, "cart": "rif", "item": 1, "order": 11}}, {"pk": 53, "model": "order.orderitem", "fields": {"count": 1, "menu_of_the_day": null, "old_price": 1.23, "cart": "rif", "item": 1, "order": 11}}, {"pk": 55, "model": "order.orderitem", "fields": {"count": 1, "menu_of_the_day": null, "old_price": 10.0, "cart": "rif", "item": 2, "order": 11}}, {"pk": 56, "model": "order.orderitem", "fields": {"count": 1, "menu_of_the_day": null, "old_price": 1.0, "cart": "rif", "item": 4, "order": 11}}, {"pk": 57, "model": "order.orderitem", "fields": {"count": 1, "menu_of_the_day": null, "old_price": 1.23, "cart": "rif", "item": 1, "order": 12}}, {"pk": 62, "model": "order.orderitem", "fields": {"count": 1, "menu_of_the_day": null, "old_price": 1.0, "cart": "rif", "item": 5, "order": 14}}, {"pk": 63, "model": "order.orderitem", "fields": {"count": 1, "menu_of_the_day": null, "old_price": 1.23, "cart": null, "item": 1, "order": 15}}, {"pk": 64, "model": "order.orderitem", "fields": {"count": 1, "menu_of_the_day": null, "old_price": 10.0, "cart": null, "item": 2, "order": 15}}, {"pk": 65, "model": "order.orderitem", "fields": {"count": 1, "menu_of_the_day": null, "old_price": 1.0, "cart": null, "item": 3, "order": 15}}, {"pk": 66, "model": "order.orderitem", "fields": {"count": 1, "menu_of_the_day": null, "old_price": 1.23, "cart": null, "item": 1, "order": 15}}, {"pk": 67, "model": "order.orderitem", "fields": {"count": 1, "menu_of_the_day": null, "old_price": 10.0, "cart": null, "item": 2, "order": 15}}, {"pk": 68, "model": "order.orderitem", "fields": {"count": 1, "menu_of_the_day": null, "old_price": 1.0, "cart": null, "item": 3, "order": 15}}, {"pk": 69, "model": "order.orderitem", "fields": {"count": 1, "menu_of_the_day": null, "old_price": 1.0, "cart": null, "item": 4, "order": 15}}, {"pk": 72, "model": "order.orderitem", "fields": {"count": 1, "menu_of_the_day": null, "old_price": 1.0, "cart": null, "item": 4, "order": 15}}, {"pk": 73, "model": "order.orderitem", "fields": {"count": 1, "menu_of_the_day": null, "old_price": 10.0, "cart": null, "item": 2, "order": 15}}, {"pk": 77, "model": "order.orderitem", "fields": {"count": 1, "menu_of_the_day": null, "old_price": 1.0, "cart": null, "item": 4, "order": 15}}, {"pk": 78, "model": "order.orderitem", "fields": {"count": 1, "menu_of_the_day": null, "old_price": 1.23, "cart": null, "item": 1, "order": 15}}, {"pk": 79, "model": "order.orderitem", "fields": {"count": 1, "menu_of_the_day": null, "old_price": 1.0, "cart": null, "item": 4, "order": 15}}, {"pk": 80, "model": "order.orderitem", "fields": {"count": 1, "menu_of_the_day": null, "old_price": 10.0, "cart": null, "item": 2, "order": 15}}, {"pk": 81, "model": "order.orderitem", "fields": {"count": 1, "menu_of_the_day": null, "old_price": 10.0, "cart": null, "item": 2, "order": 15}}, {"pk": 82, "model": "order.orderitem", "fields": {"count": 1, "menu_of_the_day": null, "old_price": 1.0, "cart": null, "item": 3, "order": 15}}, {"pk": 83, "model": "order.orderitem", "fields": {"count": 1, "menu_of_the_day": null, "old_price": 1.0, "cart": null, "item": 3, "order": 15}}, {"pk": 84, "model": "order.orderitem", "fields": {"count": 1, "menu_of_the_day": null, "old_price": 1.23, "cart": null, "item": 1, "order": 15}}, {"pk": 85, "model": "order.orderitem", "fields": {"count": 1, "menu_of_the_day": null, "old_price": 10.0, "cart": null, "item": 2, "order": 15}}, {"pk": 86, "model": "order.orderitem", "fields": {"count": 1, "menu_of_the_day": null, "old_price": 10.0, "cart": null, "item": 2, "order": 15}}, {"pk": 87, "model": "order.orderitem", "fields": {"count": 1, "menu_of_the_day": null, "old_price": 1.0, "cart": null, "item": 3, "order": 15}}, {"pk": 88, "model": "order.orderitem", "fields": {"count": 1, "menu_of_the_day": null, "old_price": 1.0, "cart": null, "item": 3, "order": 15}}, {"pk": 89, "model": "order.orderitem", "fields": {"count": 1, "menu_of_the_day": null, "old_price": 10.0, "cart": "mama", "item": 2, "order": 15}}, {"pk": 90, "model": "order.orderitem", "fields": {"count": 1, "menu_of_the_day": null, "old_price": 1.23, "cart": null, "item": 1, "order": 17}}, {"pk": 91, "model": "order.orderitem", "fields": {"count": 1, "menu_of_the_day": null, "old_price": 10.0, "cart": null, "item": 2, "order": 17}}, {"pk": 92, "model": "order.orderitem", "fields": {"count": 1, "menu_of_the_day": null, "old_price": 1.0, "cart": null, "item": 3, "order": 17}}, {"pk": 93, "model": "order.orderitem", "fields": {"count": 1, "menu_of_the_day": null, "old_price": 1.23, "cart": null, "item": 1, "order": 17}}, {"pk": 94, "model": "order.orderitem", "fields": {"count": 1, "menu_of_the_day": null, "old_price": 10.0, "cart": null, "item": 2, "order": 17}}, {"pk": 95, "model": "order.orderitem", "fields": {"count": 1, "menu_of_the_day": null, "old_price": 1.0, "cart": null, "item": 3, "order": 17}}, {"pk": 96, "model": "order.orderitem", "fields": {"count": 1, "menu_of_the_day": null, "old_price": 1.0, "cart": null, "item": 4, "order": 17}}, {"pk": 97, "model": "order.orderitem", "fields": {"count": 1, "menu_of_the_day": null, "old_price": 1.0, "cart": null, "item": 4, "order": 17}}, {"pk": 98, "model": "order.orderitem", "fields": {"count": 1, "menu_of_the_day": null, "old_price": 10.0, "cart": null, "item": 2, "order": 17}}, {"pk": 99, "model": "order.orderitem", "fields": {"count": 1, "menu_of_the_day": null, "old_price": 1.0, "cart": null, "item": 4, "order": 17}}, {"pk": 100, "model": "order.orderitem", "fields": {"count": 1, "menu_of_the_day": null, "old_price": 1.23, "cart": null, "item": 1, "order": 17}}, {"pk": 101, "model": "order.orderitem", "fields": {"count": 1, "menu_of_the_day": null, "old_price": 1.0, "cart": null, "item": 4, "order": 17}}, {"pk": 102, "model": "order.orderitem", "fields": {"count": 1, "menu_of_the_day": null, "old_price": 10.0, "cart": null, "item": 2, "order": 17}}, {"pk": 103, "model": "order.orderitem", "fields": {"count": 1, "menu_of_the_day": null, "old_price": 10.0, "cart": null, "item": 2, "order": 17}}, {"pk": 104, "model": "order.orderitem", "fields": {"count": 1, "menu_of_the_day": null, "old_price": 1.0, "cart": null, "item": 3, "order": 17}}, {"pk": 105, "model": "order.orderitem", "fields": {"count": 1, "menu_of_the_day": null, "old_price": 1.0, "cart": null, "item": 3, "order": 17}}, {"pk": 106, "model": "order.orderitem", "fields": {"count": 1, "menu_of_the_day": null, "old_price": 1.23, "cart": null, "item": 1, "order": 17}}, {"pk": 107, "model": "order.orderitem", "fields": {"count": 1, "menu_of_the_day": null, "old_price": 10.0, "cart": null, "item": 2, "order": 17}}, {"pk": 108, "model": "order.orderitem", "fields": {"count": 1, "menu_of_the_day": null, "old_price": 10.0, "cart": null, "item": 2, "order": 17}}, {"pk": 109, "model": "order.orderitem", "fields": {"count": 1, "menu_of_the_day": null, "old_price": 1.0, "cart": null, "item": 3, "order": 17}}, {"pk": 110, "model": "order.orderitem", "fields": {"count": 1, "menu_of_the_day": null, "old_price": 1.0, "cart": null, "item": 3, "order": 17}}, {"pk": 111, "model": "order.orderitem", "fields": {"count": 1, "menu_of_the_day": null, "old_price": 10.0, "cart": "mama", "item": 2, "order": 17}}, {"pk": 112, "model": "order.orderitem", "fields": {"count": 1, "menu_of_the_day": null, "old_price": 1.23, "cart": null, "item": 1, "order": 18}}, {"pk": 113, "model": "order.orderitem", "fields": {"count": 1, "menu_of_the_day": null, "old_price": 10.0, "cart": null, "item": 2, "order": 18}}, {"pk": 114, "model": "order.orderitem", "fields": {"count": 1, "menu_of_the_day": null, "old_price": 1.0, "cart": null, "item": 3, "order": 18}}, {"pk": 115, "model": "order.orderitem", "fields": {"count": 1, "menu_of_the_day": null, "old_price": 1.23, "cart": null, "item": 1, "order": 18}}, {"pk": 116, "model": "order.orderitem", "fields": {"count": 1, "menu_of_the_day": null, "old_price": 10.0, "cart": null, "item": 2, "order": 18}}, {"pk": 117, "model": "order.orderitem", "fields": {"count": 1, "menu_of_the_day": null, "old_price": 1.0, "cart": null, "item": 3, "order": 18}}, {"pk": 118, "model": "order.orderitem", "fields": {"count": 1, "menu_of_the_day": null, "old_price": 1.0, "cart": null, "item": 4, "order": 18}}, {"pk": 119, "model": "order.orderitem", "fields": {"count": 1, "menu_of_the_day": null, "old_price": 1.0, "cart": null, "item": 4, "order": 18}}, {"pk": 120, "model": "order.orderitem", "fields": {"count": 1, "menu_of_the_day": null, "old_price": 10.0, "cart": null, "item": 2, "order": 18}}, {"pk": 121, "model": "order.orderitem", "fields": {"count": 1, "menu_of_the_day": null, "old_price": 1.0, "cart": null, "item": 4, "order": 18}}, {"pk": 122, "model": "order.orderitem", "fields": {"count": 1, "menu_of_the_day": null, "old_price": 1.23, "cart": null, "item": 1, "order": 18}}, {"pk": 123, "model": "order.orderitem", "fields": {"count": 1, "menu_of_the_day": null, "old_price": 1.0, "cart": null, "item": 4, "order": 18}}, {"pk": 124, "model": "order.orderitem", "fields": {"count": 1, "menu_of_the_day": null, "old_price": 10.0, "cart": null, "item": 2, "order": 18}}, {"pk": 125, "model": "order.orderitem", "fields": {"count": 1, "menu_of_the_day": null, "old_price": 10.0, "cart": null, "item": 2, "order": 18}}, {"pk": 126, "model": "order.orderitem", "fields": {"count": 1, "menu_of_the_day": null, "old_price": 1.0, "cart": null, "item": 3, "order": 18}}, {"pk": 127, "model": "order.orderitem", "fields": {"count": 1, "menu_of_the_day": null, "old_price": 1.0, "cart": null, "item": 3, "order": 18}}, {"pk": 128, "model": "order.orderitem", "fields": {"count": 1, "menu_of_the_day": null, "old_price": 1.23, "cart": null, "item": 1, "order": 18}}, {"pk": 129, "model": "order.orderitem", "fields": {"count": 1, "menu_of_the_day": null, "old_price": 10.0, "cart": null, "item": 2, "order": 18}}, {"pk": 130, "model": "order.orderitem", "fields": {"count": 1, "menu_of_the_day": null, "old_price": 10.0, "cart": null, "item": 2, "order": 18}}, {"pk": 131, "model": "order.orderitem", "fields": {"count": 1, "menu_of_the_day": null, "old_price": 1.0, "cart": null, "item": 3, "order": 18}}, {"pk": 132, "model": "order.orderitem", "fields": {"count": 1, "menu_of_the_day": null, "old_price": 1.0, "cart": null, "item": 3, "order": 18}}, {"pk": 133, "model": "order.orderitem", "fields": {"count": 1, "menu_of_the_day": null, "old_price": 10.0, "cart": "mama", "item": 2, "order": 18}}, {"pk": 134, "model": "order.orderitem", "fields": {"count": 1, "menu_of_the_day": null, "old_price": 1.23, "cart": null, "item": 1, "order": 19}}, {"pk": 135, "model": "order.orderitem", "fields": {"count": 1, "menu_of_the_day": null, "old_price": 10.0, "cart": null, "item": 2, "order": 19}}, {"pk": 136, "model": "order.orderitem", "fields": {"count": 1, "menu_of_the_day": null, "old_price": 1.0, "cart": null, "item": 3, "order": 19}}, {"pk": 137, "model": "order.orderitem", "fields": {"count": 1, "menu_of_the_day": null, "old_price": 1.23, "cart": null, "item": 1, "order": 19}}, {"pk": 138, "model": "order.orderitem", "fields": {"count": 1, "menu_of_the_day": null, "old_price": 10.0, "cart": null, "item": 2, "order": 19}}, {"pk": 139, "model": "order.orderitem", "fields": {"count": 1, "menu_of_the_day": null, "old_price": 1.0, "cart": null, "item": 3, "order": 19}}, {"pk": 140, "model": "order.orderitem", "fields": {"count": 1, "menu_of_the_day": null, "old_price": 1.0, "cart": null, "item": 4, "order": 19}}, {"pk": 141, "model": "order.orderitem", "fields": {"count": 1, "menu_of_the_day": null, "old_price": 1.0, "cart": null, "item": 4, "order": 19}}, {"pk": 142, "model": "order.orderitem", "fields": {"count": 1, "menu_of_the_day": null, "old_price": 10.0, "cart": null, "item": 2, "order": 19}}, {"pk": 143, "model": "order.orderitem", "fields": {"count": 1, "menu_of_the_day": null, "old_price": 1.0, "cart": null, "item": 4, "order": 19}}, {"pk": 144, "model": "order.orderitem", "fields": {"count": 1, "menu_of_the_day": null, "old_price": 1.23, "cart": null, "item": 1, "order": 19}}, {"pk": 145, "model": "order.orderitem", "fields": {"count": 1, "menu_of_the_day": null, "old_price": 1.0, "cart": null, "item": 4, "order": 19}}, {"pk": 146, "model": "order.orderitem", "fields": {"count": 1, "menu_of_the_day": null, "old_price": 10.0, "cart": null, "item": 2, "order": 19}}, {"pk": 147, "model": "order.orderitem", "fields": {"count": 1, "menu_of_the_day": null, "old_price": 10.0, "cart": null, "item": 2, "order": 19}}, {"pk": 148, "model": "order.orderitem", "fields": {"count": 1, "menu_of_the_day": null, "old_price": 1.0, "cart": null, "item": 3, "order": 19}}, {"pk": 149, "model": "order.orderitem", "fields": {"count": 1, "menu_of_the_day": null, "old_price": 1.0, "cart": null, "item": 3, "order": 19}}, {"pk": 150, "model": "order.orderitem", "fields": {"count": 1, "menu_of_the_day": null, "old_price": 1.23, "cart": null, "item": 1, "order": 19}}, {"pk": 151, "model": "order.orderitem", "fields": {"count": 1, "menu_of_the_day": null, "old_price": 10.0, "cart": null, "item": 2, "order": 19}}, {"pk": 152, "model": "order.orderitem", "fields": {"count": 1, "menu_of_the_day": null, "old_price": 10.0, "cart": null, "item": 2, "order": 19}}, {"pk": 153, "model": "order.orderitem", "fields": {"count": 1, "menu_of_the_day": null, "old_price": 1.0, "cart": null, "item": 3, "order": 19}}, {"pk": 154, "model": "order.orderitem", "fields": {"count": 1, "menu_of_the_day": null, "old_price": 1.0, "cart": null, "item": 3, "order": 19}}, {"pk": 155, "model": "order.orderitem", "fields": {"count": 1, "menu_of_the_day": null, "old_price": 10.0, "cart": "mama", "item": 2, "order": 19}}, {"pk": 156, "model": "order.orderitem", "fields": {"count": 1, "menu_of_the_day": null, "old_price": 1.23, "cart": null, "item": 1, "order": 20}}, {"pk": 157, "model": "order.orderitem", "fields": {"count": 1, "menu_of_the_day": null, "old_price": 10.0, "cart": null, "item": 2, "order": 20}}, {"pk": 158, "model": "order.orderitem", "fields": {"count": 1, "menu_of_the_day": null, "old_price": 1.0, "cart": null, "item": 3, "order": 20}}, {"pk": 159, "model": "order.orderitem", "fields": {"count": 1, "menu_of_the_day": null, "old_price": 1.23, "cart": null, "item": 1, "order": 20}}, {"pk": 160, "model": "order.orderitem", "fields": {"count": 1, "menu_of_the_day": null, "old_price": 10.0, "cart": null, "item": 2, "order": 20}}, {"pk": 161, "model": "order.orderitem", "fields": {"count": 1, "menu_of_the_day": null, "old_price": 1.0, "cart": null, "item": 3, "order": 20}}, {"pk": 162, "model": "order.orderitem", "fields": {"count": 1, "menu_of_the_day": null, "old_price": 1.0, "cart": null, "item": 4, "order": 20}}, {"pk": 163, "model": "order.orderitem", "fields": {"count": 1, "menu_of_the_day": null, "old_price": 1.0, "cart": null, "item": 4, "order": 20}}, {"pk": 164, "model": "order.orderitem", "fields": {"count": 1, "menu_of_the_day": null, "old_price": 10.0, "cart": null, "item": 2, "order": 20}}, {"pk": 165, "model": "order.orderitem", "fields": {"count": 1, "menu_of_the_day": null, "old_price": 1.0, "cart": null, "item": 4, "order": 20}}, {"pk": 166, "model": "order.orderitem", "fields": {"count": 1, "menu_of_the_day": null, "old_price": 1.23, "cart": null, "item": 1, "order": 20}}, {"pk": 167, "model": "order.orderitem", "fields": {"count": 1, "menu_of_the_day": null, "old_price": 1.0, "cart": null, "item": 4, "order": 20}}, {"pk": 168, "model": "order.orderitem", "fields": {"count": 1, "menu_of_the_day": null, "old_price": 10.0, "cart": null, "item": 2, "order": 20}}, {"pk": 169, "model": "order.orderitem", "fields": {"count": 1, "menu_of_the_day": null, "old_price": 10.0, "cart": null, "item": 2, "order": 20}}, {"pk": 170, "model": "order.orderitem", "fields": {"count": 1, "menu_of_the_day": null, "old_price": 1.0, "cart": null, "item": 3, "order": 20}}, {"pk": 171, "model": "order.orderitem", "fields": {"count": 1, "menu_of_the_day": null, "old_price": 1.0, "cart": null, "item": 3, "order": 20}}, {"pk": 172, "model": "order.orderitem", "fields": {"count": 1, "menu_of_the_day": null, "old_price": 1.23, "cart": null, "item": 1, "order": 20}}, {"pk": 173, "model": "order.orderitem", "fields": {"count": 1, "menu_of_the_day": null, "old_price": 10.0, "cart": null, "item": 2, "order": 20}}, {"pk": 174, "model": "order.orderitem", "fields": {"count": 1, "menu_of_the_day": null, "old_price": 10.0, "cart": null, "item": 2, "order": 20}}, {"pk": 175, "model": "order.orderitem", "fields": {"count": 1, "menu_of_the_day": null, "old_price": 1.0, "cart": null, "item": 3, "order": 20}}, {"pk": 176, "model": "order.orderitem", "fields": {"count": 1, "menu_of_the_day": null, "old_price": 1.0, "cart": null, "item": 3, "order": 20}}, {"pk": 177, "model": "order.orderitem", "fields": {"count": 1, "menu_of_the_day": null, "old_price": 10.0, "cart": "mama", "item": 2, "order": 20}}, {"pk": 178, "model": "order.orderitem", "fields": {"count": 1, "menu_of_the_day": null, "old_price": 1.0, "cart": null, "item": 5, "order": 21}}, {"pk": 179, "model": "order.orderitem", "fields": {"count": 1, "menu_of_the_day": null, "old_price": 1.0, "cart": null, "item": 5, "order": 21}}, {"pk": 180, "model": "order.orderitem", "fields": {"count": 1, "menu_of_the_day": null, "old_price": 1.0, "cart": null, "item": 5, "order": 21}}, {"pk": 181, "model": "order.orderitem", "fields": {"count": 1, "menu_of_the_day": null, "old_price": 1.0, "cart": null, "item": 5, "order": 21}}, {"pk": 182, "model": "order.orderitem", "fields": {"count": 1, "menu_of_the_day": null, "old_price": 1.0, "cart": null, "item": 5, "order": 21}}, {"pk": 183, "model": "order.orderitem", "fields": {"count": 1, "menu_of_the_day": null, "old_price": 1.0, "cart": null, "item": 5, "order": 21}}, {"pk": 184, "model": "order.orderitem", "fields": {"count": 1, "menu_of_the_day": null, "old_price": 1.0, "cart": null, "item": 5, "order": 21}}, {"pk": 185, "model": "order.orderitem", "fields": {"count": 1, "menu_of_the_day": null, "old_price": 1.0, "cart": null, "item": 5, "order": 21}}, {"pk": 186, "model": "order.orderitem", "fields": {"count": 1, "menu_of_the_day": null, "old_price": 1.0, "cart": null, "item": 5, "order": 21}}, {"pk": 187, "model": "order.orderitem", "fields": {"count": 1, "menu_of_the_day": null, "old_price": 1.0, "cart": null, "item": 5, "order": 21}}, {"pk": 188, "model": "order.orderitem", "fields": {"count": 1, "menu_of_the_day": null, "old_price": 1.0, "cart": null, "item": 5, "order": 21}}, {"pk": 189, "model": "order.orderitem", "fields": {"count": 1, "menu_of_the_day": null, "old_price": 1.0, "cart": null, "item": 5, "order": 21}}, {"pk": 190, "model": "order.orderitem", "fields": {"count": 1, "menu_of_the_day": null, "old_price": 1.0, "cart": null, "item": 5, "order": 21}}, {"pk": 191, "model": "order.orderitem", "fields": {"count": 1, "menu_of_the_day": null, "old_price": 1.0, "cart": null, "item": 5, "order": 22}}, {"pk": 192, "model": "order.orderitem", "fields": {"count": 1, "menu_of_the_day": null, "old_price": 1.0, "cart": null, "item": 5, "order": 22}}, {"pk": 193, "model": "order.orderitem", "fields": {"count": 1, "menu_of_the_day": null, "old_price": 1.0, "cart": null, "item": 5, "order": 22}}, {"pk": 194, "model": "order.orderitem", "fields": {"count": 1, "menu_of_the_day": null, "old_price": 1.0, "cart": null, "item": 5, "order": 22}}, {"pk": 195, "model": "order.orderitem", "fields": {"count": 1, "menu_of_the_day": null, "old_price": 1.0, "cart": null, "item": 5, "order": 22}}, {"pk": 196, "model": "order.orderitem", "fields": {"count": 1, "menu_of_the_day": null, "old_price": 1.0, "cart": null, "item": 5, "order": 22}}, {"pk": 197, "model": "order.orderitem", "fields": {"count": 1, "menu_of_the_day": null, "old_price": 1.0, "cart": null, "item": 5, "order": 22}}, {"pk": 198, "model": "order.orderitem", "fields": {"count": 1, "menu_of_the_day": null, "old_price": 1.0, "cart": null, "item": 5, "order": 22}}, {"pk": 199, "model": "order.orderitem", "fields": {"count": 1, "menu_of_the_day": null, "old_price": 1.0, "cart": null, "item": 5, "order": 22}}, {"pk": 200, "model": "order.orderitem", "fields": {"count": 1, "menu_of_the_day": null, "old_price": 1.0, "cart": null, "item": 5, "order": 22}}, {"pk": 201, "model": "order.orderitem", "fields": {"count": 1, "menu_of_the_day": null, "old_price": 1.0, "cart": null, "item": 5, "order": 22}}, {"pk": 202, "model": "order.orderitem", "fields": {"count": 1, "menu_of_the_day": null, "old_price": 1.0, "cart": null, "item": 5, "order": 22}}, {"pk": 203, "model": "order.orderitem", "fields": {"count": 1, "menu_of_the_day": null, "old_price": 1.0, "cart": null, "item": 5, "order": 22}}, {"pk": 204, "model": "order.orderitem", "fields": {"count": 1, "menu_of_the_day": null, "old_price": 10.0, "cart": "rif", "item": 2, "order": 23}}, {"pk": 205, "model": "order.orderitem", "fields": {"count": 1, "menu_of_the_day": null, "old_price": 1.23, "cart": "rif", "item": 1, "order": 23}}, {"pk": 206, "model": "order.orderitem", "fields": {"count": 1, "menu_of_the_day": null, "old_price": 1.23, "cart": "rif", "item": 1, "order": 23}}, {"pk": 207, "model": "order.orderitem", "fields": {"count": 1, "menu_of_the_day": null, "old_price": 1.23, "cart": "rif", "item": 1, "order": 23}}, {"pk": 208, "model": "order.orderitem", "fields": {"count": 1, "menu_of_the_day": null, "old_price": 10.0, "cart": "rif", "item": 2, "order": 23}}, {"pk": 209, "model": "order.orderitem", "fields": {"count": 1, "menu_of_the_day": null, "old_price": 1.0, "cart": "rif", "item": 4, "order": 23}}, {"pk": 210, "model": "order.orderitem", "fields": {"count": 1, "menu_of_the_day": null, "old_price": 10.0, "cart": "rif", "item": 2, "order": 24}}, {"pk": 211, "model": "order.orderitem", "fields": {"count": 1, "menu_of_the_day": null, "old_price": 1.23, "cart": "rif", "item": 1, "order": 24}}, {"pk": 212, "model": "order.orderitem", "fields": {"count": 1, "menu_of_the_day": null, "old_price": 1.23, "cart": "rif", "item": 1, "order": 24}}, {"pk": 213, "model": "order.orderitem", "fields": {"count": 1, "menu_of_the_day": null, "old_price": 1.23, "cart": "rif", "item": 1, "order": 24}}, {"pk": 214, "model": "order.orderitem", "fields": {"count": 1, "menu_of_the_day": null, "old_price": 10.0, "cart": "rif", "item": 2, "order": 24}}, {"pk": 215, "model": "order.orderitem", "fields": {"count": 1, "menu_of_the_day": null, "old_price": 1.0, "cart": "rif", "item": 4, "order": 24}}, {"pk": 216, "model": "order.orderitem", "fields": {"count": 1, "menu_of_the_day": null, "old_price": 10.0, "cart": "rif", "item": 2, "order": 25}}, {"pk": 217, "model": "order.orderitem", "fields": {"count": 1, "menu_of_the_day": null, "old_price": 1.23, "cart": "rif", "item": 1, "order": 25}}, {"pk": 218, "model": "order.orderitem", "fields": {"count": 1, "menu_of_the_day": null, "old_price": 1.23, "cart": "rif", "item": 1, "order": 25}}, {"pk": 219, "model": "order.orderitem", "fields": {"count": 1, "menu_of_the_day": null, "old_price": 1.23, "cart": "rif", "item": 1, "order": 25}}, {"pk": 220, "model": "order.orderitem", "fields": {"count": 1, "menu_of_the_day": null, "old_price": 10.0, "cart": "rif", "item": 2, "order": 25}}, {"pk": 221, "model": "order.orderitem", "fields": {"count": 1, "menu_of_the_day": null, "old_price": 10.0, "cart": "rif", "item": 2, "order": 26}}, {"pk": 222, "model": "order.orderitem", "fields": {"count": 1, "menu_of_the_day": null, "old_price": 1.23, "cart": "rif", "item": 1, "order": 26}}, {"pk": 223, "model": "order.orderitem", "fields": {"count": 1, "menu_of_the_day": null, "old_price": 1.23, "cart": "rif", "item": 1, "order": 26}}, {"pk": 224, "model": "order.orderitem", "fields": {"count": 1, "menu_of_the_day": null, "old_price": 1.23, "cart": "rif", "item": 1, "order": 26}}, {"pk": 225, "model": "order.orderitem", "fields": {"count": 1, "menu_of_the_day": null, "old_price": 10.0, "cart": "rif", "item": 2, "order": 26}}, {"pk": 226, "model": "order.orderitem", "fields": {"count": 1, "menu_of_the_day": null, "old_price": 10.0, "cart": "rif", "item": 2, "order": 27}}, {"pk": 228, "model": "order.orderitem", "fields": {"count": 1, "menu_of_the_day": null, "old_price": 1.23, "cart": "rif", "item": 1, "order": 27}}, {"pk": 230, "model": "order.orderitem", "fields": {"count": 1, "menu_of_the_day": null, "old_price": 10.0, "cart": "rif", "item": 2, "order": 27}}, {"pk": 231, "model": "order.orderitem", "fields": {"count": 1, "menu_of_the_day": null, "old_price": 10.0, "cart": "rif", "item": 2, "order": 28}}, {"pk": 232, "model": "order.orderitem", "fields": {"count": 1, "menu_of_the_day": null, "old_price": 1.23, "cart": "rif", "item": 1, "order": 28}}, {"pk": 233, "model": "order.orderitem", "fields": {"count": 1, "menu_of_the_day": null, "old_price": 10.0, "cart": "rif", "item": 2, "order": 28}}, {"pk": 234, "model": "order.orderitem", "fields": {"count": 1, "menu_of_the_day": null, "old_price": 1.0, "cart": "test", "item": 5, "order": 30}}, {"pk": 235, "model": "order.orderitem", "fields": {"count": 1, "menu_of_the_day": null, "old_price": 10.0, "cart": "rif", "item": 2, "order": 31}}, {"pk": 236, "model": "order.orderitem", "fields": {"count": 1, "menu_of_the_day": null, "old_price": 1.23, "cart": "rif", "item": 1, "order": 31}}, {"pk": 237, "model": "order.orderitem", "fields": {"count": 1, "menu_of_the_day": null, "old_price": 10.0, "cart": "rif", "item": 2, "order": 31}}, {"pk": 238, "model": "order.orderitem", "fields": {"count": 1, "menu_of_the_day": null, "old_price": 1.23, "cart": null, "item": 1, "order": 32}}, {"pk": 239, "model": "order.orderitem", "fields": {"count": 1, "menu_of_the_day": null, "old_price": 10.0, "cart": null, "item": 2, "order": 32}}, {"pk": 240, "model": "order.orderitem", "fields": {"count": 1, "menu_of_the_day": null, "old_price": 1.0, "cart": null, "item": 3, "order": 32}}, {"pk": 241, "model": "order.orderitem", "fields": {"count": 1, "menu_of_the_day": null, "old_price": 1.23, "cart": null, "item": 1, "order": 32}}, {"pk": 242, "model": "order.orderitem", "fields": {"count": 1, "menu_of_the_day": null, "old_price": 10.0, "cart": null, "item": 2, "order": 32}}, {"pk": 243, "model": "order.orderitem", "fields": {"count": 1, "menu_of_the_day": null, "old_price": 1.0, "cart": null, "item": 3, "order": 32}}, {"pk": 244, "model": "order.orderitem", "fields": {"count": 1, "menu_of_the_day": null, "old_price": 1.0, "cart": null, "item": 4, "order": 32}}, {"pk": 245, "model": "order.orderitem", "fields": {"count": 1, "menu_of_the_day": null, "old_price": 1.0, "cart": null, "item": 4, "order": 32}}, {"pk": 246, "model": "order.orderitem", "fields": {"count": 1, "menu_of_the_day": null, "old_price": 10.0, "cart": null, "item": 2, "order": 32}}, {"pk": 247, "model": "order.orderitem", "fields": {"count": 1, "menu_of_the_day": null, "old_price": 1.0, "cart": null, "item": 4, "order": 32}}, {"pk": 248, "model": "order.orderitem", "fields": {"count": 1, "menu_of_the_day": null, "old_price": 1.23, "cart": null, "item": 1, "order": 32}}, {"pk": 249, "model": "order.orderitem", "fields": {"count": 1, "menu_of_the_day": null, "old_price": 1.0, "cart": null, "item": 4, "order": 32}}, {"pk": 250, "model": "order.orderitem", "fields": {"count": 1, "menu_of_the_day": null, "old_price": 10.0, "cart": null, "item": 2, "order": 32}}, {"pk": 251, "model": "order.orderitem", "fields": {"count": 1, "menu_of_the_day": null, "old_price": 10.0, "cart": null, "item": 2, "order": 32}}, {"pk": 252, "model": "order.orderitem", "fields": {"count": 1, "menu_of_the_day": null, "old_price": 1.0, "cart": null, "item": 3, "order": 32}}, {"pk": 253, "model": "order.orderitem", "fields": {"count": 1, "menu_of_the_day": null, "old_price": 1.0, "cart": null, "item": 3, "order": 32}}, {"pk": 254, "model": "order.orderitem", "fields": {"count": 1, "menu_of_the_day": null, "old_price": 1.23, "cart": null, "item": 1, "order": 32}}, {"pk": 255, "model": "order.orderitem", "fields": {"count": 1, "menu_of_the_day": null, "old_price": 10.0, "cart": null, "item": 2, "order": 32}}, {"pk": 256, "model": "order.orderitem", "fields": {"count": 1, "menu_of_the_day": null, "old_price": 10.0, "cart": null, "item": 2, "order": 32}}, {"pk": 257, "model": "order.orderitem", "fields": {"count": 1, "menu_of_the_day": null, "old_price": 1.0, "cart": null, "item": 3, "order": 32}}, {"pk": 258, "model": "order.orderitem", "fields": {"count": 1, "menu_of_the_day": null, "old_price": 1.0, "cart": null, "item": 3, "order": 32}}, {"pk": 259, "model": "order.orderitem", "fields": {"count": 1, "menu_of_the_day": null, "old_price": 10.0, "cart": "mama", "item": 2, "order": 32}}, {"pk": 260, "model": "order.orderitem", "fields": {"count": 1, "menu_of_the_day": null, "old_price": 10.0, "cart": "rif", "item": 2, "order": 33}}, {"pk": 261, "model": "order.orderitem", "fields": {"count": 1, "menu_of_the_day": null, "old_price": 1.23, "cart": "rif", "item": 1, "order": 34}}, {"pk": 262, "model": "order.orderitem", "fields": {"count": 1, "menu_of_the_day": null, "old_price": 1.23, "cart": "rif", "item": 1, "order": 38}}, {"pk": 263, "model": "order.orderitem", "fields": {"count": 1, "menu_of_the_day": null, "old_price": 1.0, "cart": "rif", "item": 6, "order": 39}}, {"pk": 264, "model": "order.orderitem", "fields": {"count": 1, "menu_of_the_day": null, "old_price": 1.23, "cart": "rif", "item": 1, "order": 39}}, {"pk": 265, "model": "order.orderitem", "fields": {"count": 1, "menu_of_the_day": null, "old_price": 1.0, "cart": "rif", "item": 6, "order": 39}}, {"pk": 266, "model": "order.orderitem", "fields": {"count": 1, "menu_of_the_day": null, "old_price": 1.0, "cart": "rif", "item": 6, "order": 40}}, {"pk": 267, "model": "order.orderitem", "fields": {"count": 1, "menu_of_the_day": null, "old_price": 9.0, "cart": "rif", "item": 1, "order": 40}}, {"pk": 268, "model": "order.orderitem", "fields": {"count": 1, "menu_of_the_day": null, "old_price": 1.0, "cart": "rif", "item": 6, "order": 40}}, {"pk": 269, "model": "order.orderitem", "fields": {"count": 1, "menu_of_the_day": null, "old_price": 1.0, "cart": "rif", "item": 6, "order": 48}}, {"pk": 270, "model": "order.orderitem", "fields": {"count": 1, "menu_of_the_day": null, "old_price": 9.0, "cart": "rif", "item": 1, "order": 48}}, {"pk": 271, "model": "order.orderitem", "fields": {"count": 1, "menu_of_the_day": null, "old_price": 1.0, "cart": "rif", "item": 6, "order": 48}}, {"pk": 272, "model": "order.orderitem", "fields": {"count": 1, "menu_of_the_day": null, "old_price": 9.0, "cart": "rif", "item": 1, "order": 49}}, {"pk": 273, "model": "order.orderitem", "fields": {"count": 1, "menu_of_the_day": null, "old_price": 1.0, "cart": "rif", "item": 6, "order": 50}}, {"pk": 274, "model": "order.orderitem", "fields": {"count": 1, "menu_of_the_day": null, "old_price": 9.0, "cart": "rif", "item": 1, "order": 50}}, {"pk": 275, "model": "order.orderitem", "fields": {"count": 1, "menu_of_the_day": null, "old_price": 1.0, "cart": "rif", "item": 6, "order": 50}}, {"pk": 276, "model": "order.orderitem", "fields": {"count": 1, "menu_of_the_day": null, "old_price": 9.0, "cart": "rif", "item": 1, "order": 51}}, {"pk": 277, "model": "order.orderitem", "fields": {"count": 1, "menu_of_the_day": null, "old_price": 9.0, "cart": "rif", "item": 1, "order": 52}}, {"pk": 278, "model": "order.orderitem", "fields": {"count": 1, "menu_of_the_day": null, "old_price": 9.0, "cart": "second", "item": 1, "order": 53}}, {"pk": 279, "model": "order.orderitem", "fields": {"count": 1, "menu_of_the_day": null, "old_price": 9.0, "cart": "rif", "item": 1, "order": 53}}, {"pk": 280, "model": "order.orderitem", "fields": {"count": 1, "menu_of_the_day": null, "old_price": 10.0, "cart": "rif", "item": 2, "order": 53}}, {"pk": 281, "model": "order.orderitem", "fields": {"count": 1, "menu_of_the_day": null, "old_price": 1.0, "cart": "rif", "item": 3, "order": 53}}, {"pk": 283, "model": "order.orderitem", "fields": {"count": 1, "menu_of_the_day": null, "old_price": 9.0, "cart": "rif", "item": 1, "order": 53}}, {"pk": 286, "model": "order.orderitem", "fields": {"count": 5, "menu_of_the_day": null, "old_price": 1.0, "cart": "rif", "item": 5, "order": 54}}, {"pk": 287, "model": "order.orderitem", "fields": {"count": 1, "menu_of_the_day": null, "old_price": 1.0, "cart": "rif", "item": 4, "order": 53}}, {"pk": 288, "model": "order.orderitem", "fields": {"count": 1, "menu_of_the_day": null, "old_price": 1.0, "cart": "rif", "item": 4, "order": 53}}, {"pk": 289, "model": "order.orderitem", "fields": {"count": 1, "menu_of_the_day": null, "old_price": 1.0, "cart": "rif", "item": 4, "order": 53}}, {"pk": 290, "model": "order.orderitem", "fields": {"count": 1, "menu_of_the_day": null, "old_price": 1.0, "cart": "second", "item": 4, "order": 53}}, {"pk": 291, "model": "order.orderitem", "fields": {"count": 1, "menu_of_the_day": null, "old_price": 9.0, "cart": "rif", "item": 1, "order": 55}}, {"pk": 292, "model": "order.orderitem", "fields": {"count": 1, "menu_of_the_day": null, "old_price": 10.0, "cart": "rif", "item": 2, "order": 55}}, {"pk": 293, "model": "order.orderitem", "fields": {"count": 1, "menu_of_the_day": null, "old_price": 1.0, "cart": "rif", "item": 3, "order": 55}}, {"pk": 294, "model": "order.orderitem", "fields": {"count": 1, "menu_of_the_day": null, "old_price": 1.0, "cart": "rif", "item": 4, "order": 55}}, {"pk": 295, "model": "order.orderitem", "fields": {"count": 4, "menu_of_the_day": null, "old_price": 9.0, "cart": "rif", "item": 1, "order": 56}}, {"pk": 296, "model": "order.orderitem", "fields": {"count": 1, "menu_of_the_day": null, "old_price": 1.0, "cart": "rif", "item": 6, "order": 56}}, {"pk": 297, "model": "order.orderitem", "fields": {"count": 1, "menu_of_the_day": null, "old_price": 9.0, "cart": "rif", "item": 1, "order": 58}}, {"pk": 298, "model": "order.orderitem", "fields": {"count": 1, "menu_of_the_day": null, "old_price": 10.0, "cart": "rif", "item": 2, "order": 58}}, {"pk": 300, "model": "order.orderitem", "fields": {"count": 1, "menu_of_the_day": null, "old_price": 9.0, "cart": "rif", "item": 1, "order": 59}}, {"pk": 301, "model": "order.orderitem", "fields": {"count": 3, "menu_of_the_day": null, "old_price": 10.0, "cart": "rif", "item": 2, "order": 59}}, {"pk": 304, "model": "order.orderitem", "fields": {"count": 4, "menu_of_the_day": null, "old_price": 1.0, "cart": "rif", "item": 4, "order": 59}}, {"pk": 305, "model": "order.orderitem", "fields": {"count": 1, "menu_of_the_day": null, "old_price": 1.0, "cart": "rif", "item": 4, "order": 59}}, {"pk": 307, "model": "order.orderitem", "fields": {"count": 4, "menu_of_the_day": null, "old_price": 1.0, "cart": "second", "item": 4, "order": 59}}, {"pk": 309, "model": "order.orderitem", "fields": {"count": 1, "menu_of_the_day": null, "old_price": 6.0, "cart": "rif", "item": 7, "order": 60}}, {"pk": 311, "model": "order.orderitem", "fields": {"count": 3, "menu_of_the_day": null, "old_price": 1.0, "cart": "second", "item": 3, "order": 59}}, {"pk": 312, "model": "order.orderitem", "fields": {"count": 3, "menu_of_the_day": null, "old_price": 1.0, "cart": "ioai", "item": 3, "order": 59}}, {"pk": 313, "model": "order.orderitem", "fields": {"count": 5, "menu_of_the_day": null, "old_price": 1.0, "cart": "second", "item": 5, "order": 60}}, {"pk": 315, "model": "order.orderitem", "fields": {"count": 1, "menu_of_the_day": null, "old_price": 1.0, "cart": "rif", "item": 5, "order": 60}}, {"pk": 316, "model": "order.orderitem", "fields": {"count": 14, "menu_of_the_day": null, "old_price": 1.0, "cart": "rif", "item": 6, "order": 59}}, {"pk": 317, "model": "order.orderitem", "fields": {"count": 3, "menu_of_the_day": null, "old_price": 1.0, "cart": "second", "item": 6, "order": 59}}, {"pk": 318, "model": "order.orderitem", "fields": {"count": 1, "menu_of_the_day": null, "old_price": 1.0, "cart": "ioai", "item": 6, "order": 59}}, {"pk": 319, "model": "order.orderitem", "fields": {"count": 1, "menu_of_the_day": null, "old_price": 9.0, "cart": "rif", "item": 1, "order": 61}}, {"pk": 320, "model": "order.orderitem", "fields": {"count": 3, "menu_of_the_day": null, "old_price": 10.0, "cart": "rif", "item": 2, "order": 61}}, {"pk": 321, "model": "order.orderitem", "fields": {"count": 4, "menu_of_the_day": null, "old_price": 1.0, "cart": "rif", "item": 4, "order": 61}}, {"pk": 322, "model": "order.orderitem", "fields": {"count": 1, "menu_of_the_day": null, "old_price": 1.0, "cart": "rif", "item": 4, "order": 61}}, {"pk": 323, "model": "order.orderitem", "fields": {"count": 4, "menu_of_the_day": null, "old_price": 1.0, "cart": "second", "item": 4, "order": 61}}, {"pk": 324, "model": "order.orderitem", "fields": {"count": 3, "menu_of_the_day": null, "old_price": 1.0, "cart": "second", "item": 3, "order": 61}}, {"pk": 325, "model": "order.orderitem", "fields": {"count": 3, "menu_of_the_day": null, "old_price": 1.0, "cart": "ioai", "item": 3, "order": 61}}, {"pk": 326, "model": "order.orderitem", "fields": {"count": 14, "menu_of_the_day": null, "old_price": 1.0, "cart": "rif", "item": 6, "order": 61}}, {"pk": 327, "model": "order.orderitem", "fields": {"count": 3, "menu_of_the_day": null, "old_price": 1.0, "cart": "second", "item": 6, "order": 61}}, {"pk": 328, "model": "order.orderitem", "fields": {"count": 1, "menu_of_the_day": null, "old_price": 1.0, "cart": "ioai", "item": 6, "order": 61}}, {"pk": 329, "model": "order.orderitem", "fields": {"count": 1, "menu_of_the_day": null, "old_price": 10.0, "cart": "rif", "item": 2, "order": 63}}, {"pk": 330, "model": "order.orderitem", "fields": {"count": 2, "menu_of_the_day": null, "old_price": 1.0, "cart": "rif", "item": 4, "order": 63}}, {"pk": 331, "model": "order.orderitem", "fields": {"count": 1, "menu_of_the_day": null, "old_price": 1.0, "cart": "rif", "item": 5, "order": 64}}, {"pk": 332, "model": "order.orderitem", "fields": {"count": 3, "menu_of_the_day": null, "old_price": 1.0, "cart": "raadu", "item": 5, "order": 64}}, {"pk": 333, "model": "order.orderitem", "fields": {"count": 3, "menu_of_the_day": null, "old_price": 1.0, "cart": "raadu", "item": 4, "order": 63}}, {"pk": 334, "model": "order.orderitem", "fields": {"count": 3, "menu_of_the_day": null, "old_price": 1.0, "cart": "raadu", "item": 3, "order": 63}}, {"pk": 1, "model": "order.rating", "fields": {"feedback": "Corect", "delivery_time": "4", "quality": "3", "user": 2, "order": 50}}, {"pk": 2, "model": "order.rating", "fields": {"feedback": "1", "delivery_time": "1", "quality": "1", "user": 2, "order": 49}}, {"pk": 3, "model": "order.rating", "fields": {"feedback": "Acesta e cu stelute", "delivery_time": "4", "quality": "2", "user": 2, "order": 61}}, {"pk": 4, "model": "order.rating", "fields": {"feedback": "", "delivery_time": "5", "quality": "5", "user": 2, "order": 58}}, {"pk": 5, "model": "order.rating", "fields": {"feedback": "Sa vad daca primesc bonus :)", "delivery_time": "2", "quality": "4", "user": 2, "order": 56}}, {"pk": 6, "model": "order.rating", "fields": {"feedback": "Mai incerc o data sa primesc bonus :)", "delivery_time": "4", "quality": "2", "user": 2, "order": 54}}]