[{"pk": 159, "model": "order.order", "fields": {"status": "ST", "delivery_type": 2, "total_amount": 20.990000000000002, "desired_delivery_time": null, "creation_date": "2011-09-18 15:31:25", "user": 2, "address": 1, "employee": 1, "hidden": false, "additional_info": null, "unit": 1}}, {"pk": 158, "model": "order.order", "fields": {"status": "ST", "delivery_type": 2, "total_amount": 20.0, "desired_delivery_time": null, "creation_date": "2011-09-18 15:16:05", "user": 2, "address": 1, "employee": 1, "hidden": false, "additional_info": null, "unit": 1}}, {"pk": 157, "model": "order.order", "fields": {"status": "ST", "delivery_type": 2, "total_amount": 20.0, "desired_delivery_time": null, "creation_date": "2011-09-18 15:15:23", "user": 2, "address": 1, "employee": 1, "hidden": false, "additional_info": null, "unit": 1}}, {"pk": 156, "model": "order.order", "fields": {"status": "ST", "delivery_type": 2, "total_amount": 20.0, "desired_delivery_time": null, "creation_date": "2011-09-18 15:15:18", "user": 2, "address": 1, "employee": 1, "hidden": false, "additional_info": null, "unit": 1}}, {"pk": 155, "model": "order.order", "fields": {"status": "ST", "delivery_type": 2, "total_amount": 20.0, "desired_delivery_time": null, "creation_date": "2011-09-18 15:13:45", "user": 2, "address": 1, "employee": 1, "hidden": false, "additional_info": null, "unit": 1}}, {"pk": 154, "model": "order.order", "fields": {"status": "ST", "delivery_type": 2, "total_amount": 20.0, "desired_delivery_time": null, "creation_date": "2011-09-18 15:13:37", "user": 2, "address": 1, "employee": 1, "hidden": false, "additional_info": null, "unit": 1}}, {"pk": 153, "model": "order.order", "fields": {"status": "CR", "delivery_type": null, "total_amount": 10.99, "desired_delivery_time": null, "creation_date": "2011-09-18 13:13:47", "user": 2, "address": null, "employee": 1, "hidden": false, "additional_info": null, "unit": 1}}, {"pk": 152, "model": "order.order", "fields": {"status": "CR", "delivery_type": null, "total_amount": 10.0, "desired_delivery_time": null, "creation_date": "2011-09-18 13:12:52", "user": 2, "address": null, "employee": 1, "hidden": false, "additional_info": null, "unit": 1}}, {"pk": 151, "model": "order.order", "fields": {"status": "CR", "delivery_type": null, "total_amount": 10.0, "desired_delivery_time": null, "creation_date": "2011-09-18 13:08:14", "user": 2, "address": null, "employee": 1, "hidden": false, "additional_info": null, "unit": 1}}, {"pk": 150, "model": "order.order", "fields": {"status": "CR", "delivery_type": null, "total_amount": 10.0, "desired_delivery_time": null, "creation_date": "2011-09-18 13:05:49", "user": 2, "address": null, "employee": 1, "hidden": false, "additional_info": null, "unit": 1}}, {"pk": 149, "model": "order.order", "fields": {"status": "CR", "delivery_type": null, "total_amount": 10.0, "desired_delivery_time": null, "creation_date": "2011-09-18 13:05:15", "user": 2, "address": null, "employee": 1, "hidden": false, "additional_info": null, "unit": 1}}, {"pk": 148, "model": "order.order", "fields": {"status": "CR", "delivery_type": null, "total_amount": 10.0, "desired_delivery_time": null, "creation_date": "2011-09-18 13:04:38", "user": 2, "address": null, "employee": 1, "hidden": false, "additional_info": null, "unit": 1}}, {"pk": 147, "model": "order.order", "fields": {"status": "CR", "delivery_type": null, "total_amount": 10.0, "desired_delivery_time": null, "creation_date": "2011-09-18 13:03:58", "user": 2, "address": null, "employee": 1, "hidden": false, "additional_info": null, "unit": 1}}, {"pk": 146, "model": "order.order", "fields": {"status": "CR", "delivery_type": null, "total_amount": 10.0, "desired_delivery_time": null, "creation_date": "2011-09-18 13:01:39", "user": 2, "address": null, "employee": 1, "hidden": false, "additional_info": null, "unit": 1}}, {"pk": 145, "model": "order.order", "fields": {"status": "CR", "delivery_type": null, "total_amount": 10.0, "desired_delivery_time": null, "creation_date": "2011-09-18 12:58:22", "user": 2, "address": null, "employee": 1, "hidden": false, "additional_info": null, "unit": 1}}, {"pk": 144, "model": "order.order", "fields": {"status": "CR", "delivery_type": null, "total_amount": 10.0, "desired_delivery_time": null, "creation_date": "2011-09-18 12:43:58", "user": 2, "address": null, "employee": 1, "hidden": false, "additional_info": null, "unit": 1}}, {"pk": 143, "model": "order.order", "fields": {"status": "CR", "delivery_type": null, "total_amount": 10.0, "desired_delivery_time": null, "creation_date": "2011-09-18 12:42:24", "user": 2, "address": null, "employee": 1, "hidden": false, "additional_info": null, "unit": 1}}, {"pk": 142, "model": "order.order", "fields": {"status": "CR", "delivery_type": null, "total_amount": 10.0, "desired_delivery_time": null, "creation_date": "2011-09-18 12:41:45", "user": 2, "address": null, "employee": 1, "hidden": false, "additional_info": null, "unit": 1}}, {"pk": 141, "model": "order.order", "fields": {"status": "CR", "delivery_type": null, "total_amount": 1.0, "desired_delivery_time": null, "creation_date": "2011-09-18 12:39:09", "user": 2, "address": null, "employee": 1, "hidden": false, "additional_info": null, "unit": 1}}, {"pk": 140, "model": "order.order", "fields": {"status": "CR", "delivery_type": null, "total_amount": 1.0, "desired_delivery_time": null, "creation_date": "2011-09-18 12:38:49", "user": 2, "address": null, "employee": 1, "hidden": false, "additional_info": null, "unit": 1}}, {"pk": 139, "model": "order.order", "fields": {"status": "CR", "delivery_type": null, "total_amount": 1.0, "desired_delivery_time": null, "creation_date": "2011-09-18 12:30:17", "user": 2, "address": null, "employee": 1, "hidden": false, "additional_info": null, "unit": 1}}, {"pk": 138, "model": "order.order", "fields": {"status": "CR", "delivery_type": null, "total_amount": 10.0, "desired_delivery_time": null, "creation_date": "2011-09-18 12:29:32", "user": 2, "address": null, "employee": 1, "hidden": false, "additional_info": null, "unit": 1}}, {"pk": 137, "model": "order.order", "fields": {"status": "CR", "delivery_type": null, "total_amount": 10.0, "desired_delivery_time": null, "creation_date": "2011-09-18 12:27:11", "user": 2, "address": null, "employee": 1, "hidden": false, "additional_info": null, "unit": 1}}, {"pk": 136, "model": "order.order", "fields": {"status": "CR", "delivery_type": null, "total_amount": 10.0, "desired_delivery_time": null, "creation_date": "2011-09-18 12:25:26", "user": 2, "address": null, "employee": 1, "hidden": false, "additional_info": null, "unit": 1}}, {"pk": 135, "model": "order.order", "fields": {"status": "CR", "delivery_type": null, "total_amount": 50.0, "desired_delivery_time": null, "creation_date": "2011-09-18 12:22:40", "user": 2, "address": null, "employee": 1, "hidden": false, "additional_info": null, "unit": 1}}, {"pk": 134, "model": "order.order", "fields": {"status": "CR", "delivery_type": null, "total_amount": 16.0, "desired_delivery_time": null, "creation_date": "2011-09-17 19:06:36", "user": 1, "address": null, "employee": 1, "hidden": false, "additional_info": null, "unit": 1}}, {"pk": 133, "model": "order.order", "fields": {"status": "CR", "delivery_type": null, "total_amount": 0.0, "desired_delivery_time": null, "creation_date": "2011-09-17 19:06:10", "user": 1, "address": null, "employee": 1, "hidden": false, "additional_info": null, "unit": 1}}, {"pk": 132, "model": "order.order", "fields": {"status": "CR", "delivery_type": null, "total_amount": 0.0, "desired_delivery_time": null, "creation_date": "2011-09-17 19:05:37", "user": 1, "address": null, "employee": 1, "hidden": false, "additional_info": null, "unit": 1}}, {"pk": 131, "model": "order.order", "fields": {"status": "CR", "delivery_type": null, "total_amount": 10.0, "desired_delivery_time": null, "creation_date": "2011-09-17 16:54:40", "user": 1, "address": null, "employee": 1, "hidden": false, "additional_info": null, "unit": 1}}, {"pk": 130, "model": "order.order", "fields": {"status": "CR", "delivery_type": null, "total_amount": 18.0, "desired_delivery_time": null, "creation_date": "2011-09-12 15:20:57", "user": 2, "address": null, "employee": 1, "hidden": false, "additional_info": null, "unit": 1}}, {"pk": 129, "model": "order.order", "fields": {"status": "ST", "delivery_type": 2, "total_amount": 53.0, "desired_delivery_time": "2011-09-12 15:20:08", "creation_date": "2011-09-12 15:20:08", "user": 2, "address": 1, "employee": 1, "hidden": false, "additional_info": "", "unit": 1}}, {"pk": 128, "model": "order.order", "fields": {"status": "RV", "delivery_type": 2, "total_amount": 25.0, "desired_delivery_time": "2011-09-12 14:41:25", "creation_date": "2011-09-12 14:41:25", "user": 2, "address": 1, "employee": 1, "hidden": false, "additional_info": "", "unit": 1}}, {"pk": 127, "model": "order.order", "fields": {"status": "ST", "delivery_type": 2, "total_amount": 33.0, "desired_delivery_time": "2011-09-12 14:30:53", "creation_date": "2011-09-12 14:30:53", "user": 2, "address": 1, "employee": 1, "hidden": false, "additional_info": "", "unit": 1}}, {"pk": 126, "model": "order.order", "fields": {"status": "ST", "delivery_type": 2, "total_amount": 42.0, "desired_delivery_time": "2011-09-12 14:00:43", "creation_date": "2011-09-12 14:00:43", "user": 2, "address": 1, "employee": 1, "hidden": false, "additional_info": "", "unit": 1}}, {"pk": 125, "model": "order.order", "fields": {"status": "CR", "delivery_type": null, "total_amount": 0.0, "desired_delivery_time": null, "creation_date": "2011-09-12 13:57:02", "user": 2, "address": null, "employee": 1, "hidden": false, "additional_info": null, "unit": 2}}, {"pk": 124, "model": "order.order", "fields": {"status": "ST", "delivery_type": 2, "total_amount": 1.0, "desired_delivery_time": "2011-09-12 13:54:05", "creation_date": "2011-09-12 13:54:05", "user": 2, "address": 1, "employee": 1, "hidden": false, "additional_info": "Info supl", "unit": 1}}, {"pk": 123, "model": "order.order", "fields": {"status": "RV", "delivery_type": 2, "total_amount": 1.0, "desired_delivery_time": "2011-09-12 11:47:19", "creation_date": "2011-09-12 11:47:19", "user": 2, "address": 1, "employee": 1, "hidden": false, "additional_info": "Bag text aici", "unit": 1}}, {"pk": 122, "model": "order.order", "fields": {"status": "ST", "delivery_type": 2, "total_amount": 1.0, "desired_delivery_time": "2011-09-12 11:46:38", "creation_date": "2011-09-12 11:46:38", "user": 2, "address": 1, "employee": 1, "hidden": false, "additional_info": "Mai bag si ceva informatie frumoasa aici", "unit": 1}}, {"pk": 121, "model": "order.order", "fields": {"status": "ST", "delivery_type": 2, "total_amount": 19.0, "desired_delivery_time": "2011-09-12 11:33:15", "creation_date": "2011-09-12 11:33:15", "user": 2, "address": 1, "employee": 1, "hidden": false, "additional_info": "", "unit": 1}}, {"pk": 120, "model": "order.order", "fields": {"status": "ST", "delivery_type": 2, "total_amount": 20.0, "desired_delivery_time": "2011-09-08 16:26:21", "creation_date": "2011-09-08 16:26:21", "user": 2, "address": 1, "employee": 1, "hidden": false, "additional_info": "", "unit": 1}}, {"pk": 119, "model": "order.order", "fields": {"status": "ST", "delivery_type": 2, "total_amount": 20.0, "desired_delivery_time": "2011-09-08 16:24:28", "creation_date": "2011-09-08 16:24:28", "user": 2, "address": 1, "employee": 1, "hidden": false, "additional_info": "", "unit": 1}}, {"pk": 118, "model": "order.order", "fields": {"status": "ST", "delivery_type": 2, "total_amount": 10.0, "desired_delivery_time": "2011-09-08 16:23:35", "creation_date": "2011-09-08 16:23:35", "user": 2, "address": 1, "employee": 1, "hidden": false, "additional_info": "", "unit": 1}}, {"pk": 113, "model": "order.order", "fields": {"status": "ST", "delivery_type": 2, "total_amount": 9.0, "desired_delivery_time": "2011-08-30 17:38:11", "creation_date": "2011-08-30 17:38:11", "user": 2, "address": 1, "employee": 1, "hidden": false, "additional_info": "", "unit": 1}}, {"pk": 107, "model": "order.order", "fields": {"status": "ST", "delivery_type": 2, "total_amount": 29.0, "desired_delivery_time": "2011-07-28 14:33:09", "creation_date": "2011-07-28 14:33:09", "user": 2, "address": 1, "employee": 1, "hidden": true, "additional_info": "", "unit": 1}}, {"pk": 106, "model": "order.order", "fields": {"status": "ST", "delivery_type": 2, "total_amount": 27.0, "desired_delivery_time": "2011-07-26 15:59:49", "creation_date": "2011-07-26 15:59:49", "user": 2, "address": 1, "employee": 1, "hidden": false, "additional_info": "", "unit": 1}}, {"pk": 105, "model": "order.order", "fields": {"status": "ST", "delivery_type": 2, "total_amount": 9.0, "desired_delivery_time": "2011-05-12 15:19:25", "creation_date": "2011-05-12 15:19:25", "user": 2, "address": 1, "employee": 1, "hidden": true, "additional_info": "", "unit": 1}}, {"pk": 104, "model": "order.order", "fields": {"status": "ST", "delivery_type": 2, "total_amount": 9.0, "desired_delivery_time": "2011-05-12 15:08:36", "creation_date": "2011-05-12 15:08:36", "user": 2, "address": 1, "employee": 1, "hidden": true, "additional_info": "", "unit": 1}}, {"pk": 103, "model": "order.order", "fields": {"status": "RV", "delivery_type": 2, "total_amount": 32.0, "desired_delivery_time": "2011-05-12 15:06:57", "creation_date": "2011-05-12 15:06:57", "user": 2, "address": 1, "employee": 1, "hidden": true, "additional_info": "", "unit": 1}}, {"pk": 98, "model": "order.order", "fields": {"status": "ST", "delivery_type": 2, "total_amount": 58.0, "desired_delivery_time": "2011-04-19 15:56:06", "creation_date": "2011-04-19 15:56:06", "user": 2, "address": 1, "employee": 1, "hidden": true, "additional_info": "", "unit": 1}}, {"pk": 89, "model": "order.order", "fields": {"status": "ST", "delivery_type": 2, "total_amount": 6.0, "desired_delivery_time": "2011-01-24 13:37:03", "creation_date": "2011-01-24 13:37:03", "user": 2, "address": 1, "employee": 1, "hidden": true, "additional_info": "", "unit": 2}}, {"pk": 88, "model": "order.order", "fields": {"status": "ST", "delivery_type": 2, "total_amount": 6.0, "desired_delivery_time": "2011-01-24 13:26:22", "creation_date": "2011-01-24 13:26:22", "user": 2, "address": 1, "employee": 1, "hidden": true, "additional_info": "", "unit": 2}}, {"pk": 87, "model": "order.order", "fields": {"status": "ST", "delivery_type": 2, "total_amount": 6.0, "desired_delivery_time": "2011-01-24 13:21:09", "creation_date": "2011-01-24 13:21:09", "user": 2, "address": 1, "employee": 1, "hidden": true, "additional_info": "", "unit": 2}}, {"pk": 86, "model": "order.order", "fields": {"status": "ST", "delivery_type": 2, "total_amount": 6.0, "desired_delivery_time": "2011-01-24 13:19:50", "creation_date": "2011-01-24 13:19:50", "user": 2, "address": 1, "employee": 1, "hidden": true, "additional_info": "", "unit": 2}}, {"pk": 85, "model": "order.order", "fields": {"status": "ST", "delivery_type": 2, "total_amount": 6.0, "desired_delivery_time": "2011-01-24 11:00:00", "creation_date": "2011-01-24 13:10:26", "user": 2, "address": 1, "employee": 1, "hidden": true, "additional_info": "", "unit": 2}}, {"pk": 84, "model": "order.order", "fields": {"status": "ST", "delivery_type": 2, "total_amount": 10.0, "desired_delivery_time": "2011-01-20 15:49:21", "creation_date": "2011-01-20 15:49:21", "user": 2, "address": 1, "employee": 1, "hidden": true, "additional_info": "", "unit": 1}}, {"pk": 83, "model": "order.order", "fields": {"status": "RV", "delivery_type": 2, "total_amount": 9.0, "desired_delivery_time": "2011-01-11 13:22:00", "creation_date": "2011-01-20 15:33:55", "user": 2, "address": 1, "employee": 1, "hidden": true, "additional_info": "cu ora", "unit": 1}}, {"pk": 81, "model": "order.order", "fields": {"status": "ST", "delivery_type": 2, "total_amount": 9.0, "desired_delivery_time": "2011-01-21 10:40:00", "creation_date": "2011-01-20 13:09:56", "user": 2, "address": 1, "employee": 1, "hidden": true, "additional_info": "", "unit": 1}}, {"pk": 80, "model": "order.order", "fields": {"status": "RV", "delivery_type": 2, "total_amount": 9.0, "desired_delivery_time": null, "creation_date": "2011-01-20 11:04:26", "user": 2, "address": 2, "employee": 1, "hidden": false, "additional_info": "cu addresa", "unit": 1}}, {"pk": 79, "model": "order.order", "fields": {"status": "RV", "delivery_type": 4, "total_amount": 9.0, "desired_delivery_time": null, "creation_date": "2011-01-20 10:40:30", "user": 2, "address": 1, "employee": 1, "hidden": false, "additional_info": "nu are adresa", "unit": 1}}, {"pk": 78, "model": "order.order", "fields": {"status": "RV", "delivery_type": null, "total_amount": 9.0, "desired_delivery_time": null, "creation_date": "2011-01-19 16:44:03", "user": 2, "address": 1, "employee": 1, "hidden": true, "additional_info": "", "unit": 1}}, {"pk": 77, "model": "order.order", "fields": {"status": "RV", "delivery_type": null, "total_amount": 10.0, "desired_delivery_time": null, "creation_date": "2011-01-19 14:07:38", "user": 2, "address": null, "employee": 1, "hidden": false, "additional_info": "", "unit": 1}}, {"pk": 74, "model": "order.order", "fields": {"status": "RV", "delivery_type": null, "total_amount": 1.0, "desired_delivery_time": null, "creation_date": "2011-01-17 12:14:17", "user": 2, "address": 1, "employee": 1, "hidden": false, "additional_info": "", "unit": 1}}, {"pk": 73, "model": "order.order", "fields": {"status": "RV", "delivery_type": null, "total_amount": 10.0, "desired_delivery_time": null, "creation_date": "2011-01-17 12:07:01", "user": 2, "address": 1, "employee": 1, "hidden": false, "additional_info": "", "unit": 1}}, {"pk": 61, "model": "order.order", "fields": {"status": "DL", "delivery_type": null, "total_amount": 72.0, "desired_delivery_time": null, "creation_date": "2010-11-11 10:48:23", "user": 2, "address": 1, "employee": 1, "hidden": false, "additional_info": "", "unit": 1}}, {"pk": 56, "model": "order.order", "fields": {"status": "DL", "delivery_type": null, "total_amount": 37.0, "desired_delivery_time": null, "creation_date": "2010-10-27 17:35:53", "user": 2, "address": null, "employee": 1, "hidden": true, "additional_info": "", "unit": 1}}, {"pk": 54, "model": "order.order", "fields": {"status": "RV", "delivery_type": null, "total_amount": 5.0, "desired_delivery_time": null, "creation_date": "2010-10-18 12:12:03", "user": 2, "address": null, "employee": 1, "hidden": true, "additional_info": "", "unit": 2}}, {"pk": 53, "model": "order.order", "fields": {"status": "RV", "delivery_type": null, "total_amount": 42.0, "desired_delivery_time": null, "creation_date": "2010-10-18 10:38:01", "user": 2, "address": 1, "employee": 1, "hidden": false, "additional_info": "", "unit": 1}}, {"pk": 52, "model": "order.order", "fields": {"status": "RV", "delivery_type": null, "total_amount": 9.0, "desired_delivery_time": null, "creation_date": "2010-10-14 14:00:47", "user": 2, "address": 1, "employee": 1, "hidden": false, "additional_info": "", "unit": 1}}, {"pk": 40, "model": "order.order", "fields": {"status": "DL", "delivery_type": null, "total_amount": 11.0, "desired_delivery_time": null, "creation_date": "2010-10-05 16:35:51", "user": 2, "address": null, "employee": 1, "hidden": false, "additional_info": "", "unit": 1}}, {"pk": 32, "model": "order.order", "fields": {"status": "DL", "delivery_type": null, "total_amount": 94.91999999999999, "desired_delivery_time": null, "creation_date": "2010-09-30 13:47:22", "user": 2, "address": null, "employee": 1, "hidden": false, "additional_info": "mama", "unit": 1}}, {"pk": 238, "model": "order.orderitem", "fields": {"count": 1, "topping": null, "menu_of_the_day": null, "old_price": 1.23, "cart": null, "item": 1, "master": null, "order": 32}}, {"pk": 239, "model": "order.orderitem", "fields": {"count": 1, "topping": null, "menu_of_the_day": null, "old_price": 10.0, "cart": null, "item": 2, "master": null, "order": 32}}, {"pk": 240, "model": "order.orderitem", "fields": {"count": 1, "topping": null, "menu_of_the_day": null, "old_price": 1.0, "cart": null, "item": 3, "master": null, "order": 32}}, {"pk": 241, "model": "order.orderitem", "fields": {"count": 1, "topping": null, "menu_of_the_day": null, "old_price": 1.23, "cart": null, "item": 1, "master": null, "order": 32}}, {"pk": 242, "model": "order.orderitem", "fields": {"count": 1, "topping": null, "menu_of_the_day": null, "old_price": 10.0, "cart": null, "item": 2, "master": null, "order": 32}}, {"pk": 243, "model": "order.orderitem", "fields": {"count": 1, "topping": null, "menu_of_the_day": null, "old_price": 1.0, "cart": null, "item": 3, "master": null, "order": 32}}, {"pk": 244, "model": "order.orderitem", "fields": {"count": 1, "topping": null, "menu_of_the_day": null, "old_price": 1.0, "cart": null, "item": 4, "master": null, "order": 32}}, {"pk": 245, "model": "order.orderitem", "fields": {"count": 1, "topping": null, "menu_of_the_day": null, "old_price": 1.0, "cart": null, "item": 4, "master": null, "order": 32}}, {"pk": 246, "model": "order.orderitem", "fields": {"count": 1, "topping": null, "menu_of_the_day": null, "old_price": 10.0, "cart": null, "item": 2, "master": null, "order": 32}}, {"pk": 247, "model": "order.orderitem", "fields": {"count": 1, "topping": null, "menu_of_the_day": null, "old_price": 1.0, "cart": null, "item": 4, "master": null, "order": 32}}, {"pk": 248, "model": "order.orderitem", "fields": {"count": 1, "topping": null, "menu_of_the_day": null, "old_price": 1.23, "cart": null, "item": 1, "master": null, "order": 32}}, {"pk": 249, "model": "order.orderitem", "fields": {"count": 1, "topping": null, "menu_of_the_day": null, "old_price": 1.0, "cart": null, "item": 4, "master": null, "order": 32}}, {"pk": 250, "model": "order.orderitem", "fields": {"count": 1, "topping": null, "menu_of_the_day": null, "old_price": 10.0, "cart": null, "item": 2, "master": null, "order": 32}}, {"pk": 251, "model": "order.orderitem", "fields": {"count": 1, "topping": null, "menu_of_the_day": null, "old_price": 10.0, "cart": null, "item": 2, "master": null, "order": 32}}, {"pk": 252, "model": "order.orderitem", "fields": {"count": 1, "topping": null, "menu_of_the_day": null, "old_price": 1.0, "cart": null, "item": 3, "master": null, "order": 32}}, {"pk": 253, "model": "order.orderitem", "fields": {"count": 1, "topping": null, "menu_of_the_day": null, "old_price": 1.0, "cart": null, "item": 3, "master": null, "order": 32}}, {"pk": 254, "model": "order.orderitem", "fields": {"count": 1, "topping": null, "menu_of_the_day": null, "old_price": 1.23, "cart": null, "item": 1, "master": null, "order": 32}}, {"pk": 255, "model": "order.orderitem", "fields": {"count": 1, "topping": null, "menu_of_the_day": null, "old_price": 10.0, "cart": null, "item": 2, "master": null, "order": 32}}, {"pk": 256, "model": "order.orderitem", "fields": {"count": 1, "topping": null, "menu_of_the_day": null, "old_price": 10.0, "cart": null, "item": 2, "master": null, "order": 32}}, {"pk": 257, "model": "order.orderitem", "fields": {"count": 1, "topping": null, "menu_of_the_day": null, "old_price": 1.0, "cart": null, "item": 3, "master": null, "order": 32}}, {"pk": 258, "model": "order.orderitem", "fields": {"count": 1, "topping": null, "menu_of_the_day": null, "old_price": 1.0, "cart": null, "item": 3, "master": null, "order": 32}}, {"pk": 259, "model": "order.orderitem", "fields": {"count": 1, "topping": null, "menu_of_the_day": null, "old_price": 10.0, "cart": "mama", "item": 2, "master": null, "order": 32}}, {"pk": 267, "model": "order.orderitem", "fields": {"count": 1, "topping": null, "menu_of_the_day": null, "old_price": 9.0, "cart": "rif", "item": 1, "master": null, "order": 40}}, {"pk": 277, "model": "order.orderitem", "fields": {"count": 1, "topping": null, "menu_of_the_day": null, "old_price": 9.0, "cart": "rif", "item": 1, "master": null, "order": 52}}, {"pk": 278, "model": "order.orderitem", "fields": {"count": 1, "topping": null, "menu_of_the_day": null, "old_price": 9.0, "cart": "second", "item": 1, "master": null, "order": 53}}, {"pk": 279, "model": "order.orderitem", "fields": {"count": 1, "topping": null, "menu_of_the_day": null, "old_price": 9.0, "cart": "rif", "item": 1, "master": null, "order": 53}}, {"pk": 280, "model": "order.orderitem", "fields": {"count": 1, "topping": null, "menu_of_the_day": null, "old_price": 10.0, "cart": "rif", "item": 2, "master": null, "order": 53}}, {"pk": 281, "model": "order.orderitem", "fields": {"count": 1, "topping": null, "menu_of_the_day": null, "old_price": 1.0, "cart": "rif", "item": 3, "master": null, "order": 53}}, {"pk": 283, "model": "order.orderitem", "fields": {"count": 1, "topping": null, "menu_of_the_day": null, "old_price": 9.0, "cart": "rif", "item": 1, "master": null, "order": 53}}, {"pk": 286, "model": "order.orderitem", "fields": {"count": 5, "topping": null, "menu_of_the_day": null, "old_price": 1.0, "cart": "rif", "item": 5, "master": null, "order": 54}}, {"pk": 287, "model": "order.orderitem", "fields": {"count": 1, "topping": null, "menu_of_the_day": null, "old_price": 1.0, "cart": "rif", "item": 4, "master": null, "order": 53}}, {"pk": 288, "model": "order.orderitem", "fields": {"count": 1, "topping": null, "menu_of_the_day": null, "old_price": 1.0, "cart": "rif", "item": 4, "master": null, "order": 53}}, {"pk": 289, "model": "order.orderitem", "fields": {"count": 1, "topping": null, "menu_of_the_day": null, "old_price": 1.0, "cart": "rif", "item": 4, "master": null, "order": 53}}, {"pk": 290, "model": "order.orderitem", "fields": {"count": 1, "topping": null, "menu_of_the_day": null, "old_price": 1.0, "cart": "second", "item": 4, "master": null, "order": 53}}, {"pk": 295, "model": "order.orderitem", "fields": {"count": 4, "topping": null, "menu_of_the_day": null, "old_price": 9.0, "cart": "rif", "item": 1, "master": null, "order": 56}}, {"pk": 319, "model": "order.orderitem", "fields": {"count": 1, "topping": null, "menu_of_the_day": null, "old_price": 9.0, "cart": "rif", "item": 1, "master": null, "order": 61}}, {"pk": 320, "model": "order.orderitem", "fields": {"count": 3, "topping": null, "menu_of_the_day": null, "old_price": 10.0, "cart": "rif", "item": 2, "master": null, "order": 61}}, {"pk": 321, "model": "order.orderitem", "fields": {"count": 4, "topping": null, "menu_of_the_day": null, "old_price": 1.0, "cart": "rif", "item": 4, "master": null, "order": 61}}, {"pk": 322, "model": "order.orderitem", "fields": {"count": 1, "topping": null, "menu_of_the_day": null, "old_price": 1.0, "cart": "rif", "item": 4, "master": null, "order": 61}}, {"pk": 323, "model": "order.orderitem", "fields": {"count": 4, "topping": null, "menu_of_the_day": null, "old_price": 1.0, "cart": "second", "item": 4, "master": null, "order": 61}}, {"pk": 324, "model": "order.orderitem", "fields": {"count": 3, "topping": null, "menu_of_the_day": null, "old_price": 1.0, "cart": "second", "item": 3, "master": null, "order": 61}}, {"pk": 325, "model": "order.orderitem", "fields": {"count": 3, "topping": null, "menu_of_the_day": null, "old_price": 1.0, "cart": "ioai", "item": 3, "master": null, "order": 61}}, {"pk": 344, "model": "order.orderitem", "fields": {"count": 1, "topping": null, "menu_of_the_day": null, "old_price": 9.0, "cart": "rif", "item": 1, "master": null, "order": 73}}, {"pk": 347, "model": "order.orderitem", "fields": {"count": 1, "topping": null, "menu_of_the_day": null, "old_price": 1.0, "cart": "rif", "item": 4, "master": null, "order": 74}}, {"pk": 350, "model": "order.orderitem", "fields": {"count": 1, "topping": null, "menu_of_the_day": null, "old_price": 1.0, "cart": "rif", "item": 3, "master": null, "order": 77}}, {"pk": 351, "model": "order.orderitem", "fields": {"count": 1, "topping": null, "menu_of_the_day": null, "old_price": 9.0, "cart": "rif", "item": 1, "master": null, "order": 77}}, {"pk": 352, "model": "order.orderitem", "fields": {"count": 1, "topping": null, "menu_of_the_day": null, "old_price": 9.0, "cart": "rif", "item": 1, "master": null, "order": 78}}, {"pk": 353, "model": "order.orderitem", "fields": {"count": 1, "topping": null, "menu_of_the_day": null, "old_price": 9.0, "cart": "rif", "item": 1, "master": null, "order": 79}}, {"pk": 354, "model": "order.orderitem", "fields": {"count": 1, "topping": null, "menu_of_the_day": null, "old_price": 9.0, "cart": "rif", "item": 1, "master": null, "order": 80}}, {"pk": 355, "model": "order.orderitem", "fields": {"count": 1, "topping": null, "menu_of_the_day": null, "old_price": 9.0, "cart": "rif", "item": 1, "master": null, "order": 81}}, {"pk": 356, "model": "order.orderitem", "fields": {"count": 1, "topping": null, "menu_of_the_day": null, "old_price": 9.0, "cart": "rif", "item": 1, "master": null, "order": 83}}, {"pk": 357, "model": "order.orderitem", "fields": {"count": 1, "topping": null, "menu_of_the_day": null, "old_price": 10.0, "cart": "rif", "item": 2, "master": null, "order": 84}}, {"pk": 358, "model": "order.orderitem", "fields": {"count": 1, "topping": null, "menu_of_the_day": null, "old_price": 6.0, "cart": "rif", "item": 7, "master": null, "order": 85}}, {"pk": 359, "model": "order.orderitem", "fields": {"count": 1, "topping": null, "menu_of_the_day": null, "old_price": 6.0, "cart": "rif", "item": 7, "master": null, "order": 86}}, {"pk": 360, "model": "order.orderitem", "fields": {"count": 1, "topping": null, "menu_of_the_day": null, "old_price": 6.0, "cart": "rif", "item": 7, "master": null, "order": 87}}, {"pk": 361, "model": "order.orderitem", "fields": {"count": 1, "topping": null, "menu_of_the_day": null, "old_price": 6.0, "cart": "rif", "item": 7, "master": null, "order": 88}}, {"pk": 362, "model": "order.orderitem", "fields": {"count": 1, "topping": null, "menu_of_the_day": null, "old_price": 6.0, "cart": "rif", "item": 7, "master": null, "order": 89}}, {"pk": 384, "model": "order.orderitem", "fields": {"count": 3, "topping": null, "menu_of_the_day": null, "old_price": 9.0, "cart": "rif", "item": 1, "master": null, "order": 98}}, {"pk": 385, "model": "order.orderitem", "fields": {"count": 2, "topping": null, "menu_of_the_day": null, "old_price": 10.0, "cart": "rif", "item": 2, "master": null, "order": 98}}, {"pk": 386, "model": "order.orderitem", "fields": {"count": 1, "topping": null, "menu_of_the_day": null, "old_price": 9.0, "cart": "delo", "item": 1, "master": null, "order": 98}}, {"pk": 387, "model": "order.orderitem", "fields": {"count": 1, "topping": null, "menu_of_the_day": null, "old_price": 1.0, "cart": "delo", "item": 3, "master": null, "order": 98}}, {"pk": 388, "model": "order.orderitem", "fields": {"count": 1, "topping": null, "menu_of_the_day": null, "old_price": 1.0, "cart": "joi", "item": 3, "master": null, "order": 98}}, {"pk": 400, "model": "order.orderitem", "fields": {"count": 1, "topping": null, "menu_of_the_day": null, "old_price": 9.0, "cart": "mama", "item": 1, "master": null, "order": 103}}, {"pk": 401, "model": "order.orderitem", "fields": {"count": 1, "topping": null, "menu_of_the_day": null, "old_price": 9.0, "cart": "rif", "item": 1, "master": null, "order": 103}}, {"pk": 402, "model": "order.orderitem", "fields": {"count": 1, "topping": null, "menu_of_the_day": null, "old_price": 10.0, "cart": "rif", "item": 2, "master": null, "order": 103}}, {"pk": 403, "model": "order.orderitem", "fields": {"count": 1, "topping": null, "menu_of_the_day": null, "old_price": 1.0, "cart": "rif", "item": 3, "master": null, "order": 103}}, {"pk": 404, "model": "order.orderitem", "fields": {"count": 1, "topping": null, "menu_of_the_day": null, "old_price": 1.0, "cart": "rif", "item": 4, "master": null, "order": 103}}, {"pk": 405, "model": "order.orderitem", "fields": {"count": 2, "topping": null, "menu_of_the_day": null, "old_price": 1.0, "cart": "rif", "item": 5, "master": null, "order": 103}}, {"pk": 406, "model": "order.orderitem", "fields": {"count": 1, "topping": null, "menu_of_the_day": null, "old_price": 9.0, "cart": "rif", "item": 1, "master": null, "order": 104}}, {"pk": 407, "model": "order.orderitem", "fields": {"count": 1, "topping": null, "menu_of_the_day": null, "old_price": 9.0, "cart": "rif", "item": 1, "master": null, "order": 105}}, {"pk": 408, "model": "order.orderitem", "fields": {"count": 3, "topping": null, "menu_of_the_day": null, "old_price": 9.0, "cart": "rif", "item": 1, "master": null, "order": 106}}, {"pk": 409, "model": "order.orderitem", "fields": {"count": 2, "topping": null, "menu_of_the_day": null, "old_price": 9.0, "cart": "rif", "item": 1, "master": null, "order": 107}}, {"pk": 410, "model": "order.orderitem", "fields": {"count": 1, "topping": null, "menu_of_the_day": null, "old_price": 10.0, "cart": "rif", "item": 2, "master": null, "order": 107}}, {"pk": 411, "model": "order.orderitem", "fields": {"count": 1, "topping": null, "menu_of_the_day": null, "old_price": 1.0, "cart": "rif", "item": 3, "master": null, "order": 107}}, {"pk": 412, "model": "order.orderitem", "fields": {"count": 1, "topping": null, "menu_of_the_day": null, "old_price": 9.0, "cart": "rif", "item": 1, "master": null, "order": 113}}, {"pk": 413, "model": "order.orderitem", "fields": {"count": 1, "topping": null, "menu_of_the_day": null, "old_price": 1.0, "cart": "rif", "item": 3, "master": null, "order": 118}}, {"pk": 414, "model": "order.orderitem", "fields": {"count": 1, "topping": null, "menu_of_the_day": null, "old_price": 9.0, "cart": "rif", "item": 1, "master": null, "order": 118}}, {"pk": 415, "model": "order.orderitem", "fields": {"count": 1, "topping": null, "menu_of_the_day": null, "old_price": 9.0, "cart": "rif", "item": 1, "master": null, "order": 119}}, {"pk": 416, "model": "order.orderitem", "fields": {"count": 1, "topping": null, "menu_of_the_day": null, "old_price": 10.0, "cart": "rif", "item": 2, "master": null, "order": 119}}, {"pk": 417, "model": "order.orderitem", "fields": {"count": 1, "topping": null, "menu_of_the_day": null, "old_price": 1.0, "cart": "rif", "item": 3, "master": null, "order": 119}}, {"pk": 418, "model": "order.orderitem", "fields": {"count": 1, "topping": null, "menu_of_the_day": null, "old_price": 9.0, "cart": "rif", "item": 1, "master": null, "order": 120}}, {"pk": 419, "model": "order.orderitem", "fields": {"count": 1, "topping": null, "menu_of_the_day": null, "old_price": 10.0, "cart": "rif", "item": 2, "master": null, "order": 120}}, {"pk": 420, "model": "order.orderitem", "fields": {"count": 1, "topping": null, "menu_of_the_day": null, "old_price": 1.0, "cart": "rif", "item": 3, "master": null, "order": 120}}, {"pk": 421, "model": "order.orderitem", "fields": {"count": 1, "topping": null, "menu_of_the_day": null, "old_price": 9.0, "cart": "rif", "item": 1, "master": null, "order": 121}}, {"pk": 422, "model": "order.orderitem", "fields": {"count": 1, "topping": null, "menu_of_the_day": null, "old_price": 10.0, "cart": "rif", "item": 2, "master": null, "order": 121}}, {"pk": 423, "model": "order.orderitem", "fields": {"count": 1, "topping": null, "menu_of_the_day": null, "old_price": 1.0, "cart": "rif", "item": 5, "master": null, "order": 122}}, {"pk": 424, "model": "order.orderitem", "fields": {"count": 1, "topping": null, "menu_of_the_day": null, "old_price": 1.0, "cart": "rif", "item": 5, "master": null, "order": 123}}, {"pk": 425, "model": "order.orderitem", "fields": {"count": 1, "topping": null, "menu_of_the_day": null, "old_price": 1.0, "cart": "rif", "item": 3, "master": null, "order": 124}}, {"pk": 426, "model": "order.orderitem", "fields": {"count": 1, "topping": null, "menu_of_the_day": null, "old_price": 9.0, "cart": "rif", "item": 1, "master": null, "order": 126}}, {"pk": 427, "model": "order.orderitem", "fields": {"count": 1, "topping": null, "menu_of_the_day": null, "old_price": 10.0, "cart": "rif", "item": 2, "master": null, "order": 126}}, {"pk": 428, "model": "order.orderitem", "fields": {"count": 1, "topping": null, "menu_of_the_day": null, "old_price": 1.0, "cart": "rif", "item": 3, "master": null, "order": 126}}, {"pk": 429, "model": "order.orderitem", "fields": {"count": 1, "topping": null, "menu_of_the_day": null, "old_price": 1.0, "cart": "rif", "item": 4, "master": null, "order": 126}}, {"pk": 430, "model": "order.orderitem", "fields": {"count": 1, "topping": null, "menu_of_the_day": null, "old_price": 10.0, "cart": "mAM MIA", "item": 2, "master": null, "order": 126}}, {"pk": 431, "model": "order.orderitem", "fields": {"count": 1, "topping": null, "menu_of_the_day": null, "old_price": 1.0, "cart": "mAM MIA", "item": 3, "master": null, "order": 126}}, {"pk": 432, "model": "order.orderitem", "fields": {"count": 1, "topping": null, "menu_of_the_day": null, "old_price": 1.0, "cart": "mAM MIA", "item": 4, "master": null, "order": 126}}, {"pk": 433, "model": "order.orderitem", "fields": {"count": 1, "topping": null, "menu_of_the_day": null, "old_price": 9.0, "cart": "mAM MIA", "item": 1, "master": null, "order": 126}}, {"pk": 434, "model": "order.orderitem", "fields": {"count": 2, "topping": null, "menu_of_the_day": null, "old_price": 9.0, "cart": "rif", "item": 1, "master": null, "order": 127}}, {"pk": 435, "model": "order.orderitem", "fields": {"count": 1, "topping": null, "menu_of_the_day": null, "old_price": 10.0, "cart": "rif", "item": 2, "master": null, "order": 127}}, {"pk": 436, "model": "order.orderitem", "fields": {"count": 1, "topping": null, "menu_of_the_day": null, "old_price": 1.0, "cart": "rif", "item": 3, "master": null, "order": 127}}, {"pk": 437, "model": "order.orderitem", "fields": {"count": 1, "topping": null, "menu_of_the_day": null, "old_price": 1.0, "cart": "rif", "item": 4, "master": null, "order": 127}}, {"pk": 438, "model": "order.orderitem", "fields": {"count": 1, "topping": 2, "menu_of_the_day": null, "old_price": 3.0, "cart": "rif", "item": null, "master": 434, "order": 127}}, {"pk": 439, "model": "order.orderitem", "fields": {"count": 1, "topping": null, "menu_of_the_day": null, "old_price": 9.0, "cart": "rif", "item": 1, "master": null, "order": 128}}, {"pk": 440, "model": "order.orderitem", "fields": {"count": 1, "topping": null, "menu_of_the_day": null, "old_price": 10.0, "cart": "rif", "item": 2, "master": null, "order": 128}}, {"pk": 441, "model": "order.orderitem", "fields": {"count": 2, "topping": 2, "menu_of_the_day": null, "old_price": 3.0, "cart": "rif", "item": null, "master": 439, "order": 128}}, {"pk": 442, "model": "order.orderitem", "fields": {"count": 1, "topping": null, "menu_of_the_day": null, "old_price": 9.0, "cart": "rif", "item": 1, "master": null, "order": 129}}, {"pk": 443, "model": "order.orderitem", "fields": {"count": 1, "topping": null, "menu_of_the_day": null, "old_price": 10.0, "cart": "rif", "item": 2, "master": null, "order": 129}}, {"pk": 444, "model": "order.orderitem", "fields": {"count": 1, "topping": 2, "menu_of_the_day": null, "old_price": 3.0, "cart": "rif", "item": null, "master": 442, "order": 129}}, {"pk": 445, "model": "order.orderitem", "fields": {"count": 1, "topping": null, "menu_of_the_day": null, "old_price": 9.0, "cart": "mama mia", "item": 1, "master": null, "order": 129}}, {"pk": 446, "model": "order.orderitem", "fields": {"count": 2, "topping": null, "menu_of_the_day": null, "old_price": 10.0, "cart": "mama mia", "item": 2, "master": null, "order": 129}}, {"pk": 447, "model": "order.orderitem", "fields": {"count": 2, "topping": null, "menu_of_the_day": null, "old_price": 1.0, "cart": "mama mia", "item": 3, "master": null, "order": 129}}, {"pk": 448, "model": "order.orderitem", "fields": {"count": 1, "topping": null, "menu_of_the_day": null, "old_price": 9.0, "cart": "rif", "item": 1, "master": null, "order": 130}}, {"pk": 449, "model": "order.orderitem", "fields": {"count": 1, "topping": null, "menu_of_the_day": null, "old_price": 9.0, "cart": "coc-jabo", "item": 1, "master": null, "order": 130}}, {"pk": 450, "model": "order.orderitem", "fields": {"count": 1, "topping": null, "menu_of_the_day": null, "old_price": 10.0, "cart": "admin", "item": 1, "master": null, "order": 131}}, {"pk": 451, "model": "order.orderitem", "fields": {"count": 1, "topping": null, "menu_of_the_day": null, "old_price": 10.0, "cart": "1", "item": 1, "master": null, "order": 134}}, {"pk": 452, "model": "order.orderitem", "fields": {"count": 2, "topping": 2, "menu_of_the_day": null, "old_price": 3.0, "cart": "1", "item": null, "master": 451, "order": 134}}, {"pk": 453, "model": "order.orderitem", "fields": {"count": 5, "topping": null, "menu_of_the_day": null, "old_price": 10.0, "cart": "1", "item": 1, "master": null, "order": 135}}, {"pk": 454, "model": "order.orderitem", "fields": {"count": 1, "topping": null, "menu_of_the_day": null, "old_price": 10.0, "cart": "1", "item": 1, "master": null, "order": 136}}, {"pk": 455, "model": "order.orderitem", "fields": {"count": 1, "topping": null, "menu_of_the_day": null, "old_price": 10.0, "cart": "1", "item": 1, "master": null, "order": 137}}, {"pk": 456, "model": "order.orderitem", "fields": {"count": 1, "topping": null, "menu_of_the_day": null, "old_price": 10.0, "cart": "1", "item": 1, "master": null, "order": 138}}, {"pk": 457, "model": "order.orderitem", "fields": {"count": 1, "topping": null, "menu_of_the_day": null, "old_price": 1.0, "cart": "1", "item": 5, "master": null, "order": 139}}, {"pk": 458, "model": "order.orderitem", "fields": {"count": 1, "topping": null, "menu_of_the_day": null, "old_price": 1.0, "cart": "1", "item": 5, "master": null, "order": 140}}, {"pk": 459, "model": "order.orderitem", "fields": {"count": 1, "topping": null, "menu_of_the_day": null, "old_price": 1.0, "cart": "1", "item": 5, "master": null, "order": 141}}, {"pk": 460, "model": "order.orderitem", "fields": {"count": 1, "topping": null, "menu_of_the_day": null, "old_price": 10.0, "cart": "1", "item": 1, "master": null, "order": 142}}, {"pk": 461, "model": "order.orderitem", "fields": {"count": 1, "topping": null, "menu_of_the_day": null, "old_price": 10.0, "cart": "1", "item": 1, "master": null, "order": 143}}, {"pk": 462, "model": "order.orderitem", "fields": {"count": 1, "topping": null, "menu_of_the_day": null, "old_price": 10.0, "cart": "1", "item": 1, "master": null, "order": 144}}, {"pk": 463, "model": "order.orderitem", "fields": {"count": 1, "topping": null, "menu_of_the_day": null, "old_price": 10.0, "cart": "1", "item": 1, "master": null, "order": 145}}, {"pk": 464, "model": "order.orderitem", "fields": {"count": 1, "topping": null, "menu_of_the_day": null, "old_price": 10.0, "cart": "1", "item": 1, "master": null, "order": 146}}, {"pk": 465, "model": "order.orderitem", "fields": {"count": 1, "topping": null, "menu_of_the_day": null, "old_price": 10.0, "cart": "1", "item": 1, "master": null, "order": 147}}, {"pk": 466, "model": "order.orderitem", "fields": {"count": 1, "topping": null, "menu_of_the_day": null, "old_price": 10.0, "cart": "1", "item": 1, "master": null, "order": 148}}, {"pk": 467, "model": "order.orderitem", "fields": {"count": 1, "topping": null, "menu_of_the_day": null, "old_price": 10.0, "cart": "1", "item": 1, "master": null, "order": 149}}, {"pk": 468, "model": "order.orderitem", "fields": {"count": 1, "topping": null, "menu_of_the_day": null, "old_price": 10.0, "cart": "1", "item": 1, "master": null, "order": 150}}, {"pk": 469, "model": "order.orderitem", "fields": {"count": 1, "topping": null, "menu_of_the_day": null, "old_price": 10.0, "cart": "1", "item": 1, "master": null, "order": 151}}, {"pk": 470, "model": "order.orderitem", "fields": {"count": 1, "topping": null, "menu_of_the_day": null, "old_price": 10.0, "cart": "1", "item": 1, "master": null, "order": 152}}, {"pk": 471, "model": "order.orderitem", "fields": {"count": 1, "topping": null, "menu_of_the_day": null, "old_price": 10.99, "cart": "1", "item": 2, "master": null, "order": 153}}, {"pk": 472, "model": "order.orderitem", "fields": {"count": 2, "topping": null, "menu_of_the_day": null, "old_price": 10.0, "cart": "1", "item": 1, "master": null, "order": 154}}, {"pk": 473, "model": "order.orderitem", "fields": {"count": 2, "topping": null, "menu_of_the_day": null, "old_price": 10.0, "cart": "1", "item": 1, "master": null, "order": 155}}, {"pk": 474, "model": "order.orderitem", "fields": {"count": 2, "topping": null, "menu_of_the_day": null, "old_price": 10.0, "cart": "1", "item": 1, "master": null, "order": 156}}, {"pk": 475, "model": "order.orderitem", "fields": {"count": 2, "topping": null, "menu_of_the_day": null, "old_price": 10.0, "cart": "1", "item": 1, "master": null, "order": 157}}, {"pk": 476, "model": "order.orderitem", "fields": {"count": 2, "topping": null, "menu_of_the_day": null, "old_price": 10.0, "cart": "1", "item": 1, "master": null, "order": 158}}, {"pk": 477, "model": "order.orderitem", "fields": {"count": 1, "topping": null, "menu_of_the_day": null, "old_price": 10.0, "cart": "1", "item": 1, "master": null, "order": 159}}, {"pk": 478, "model": "order.orderitem", "fields": {"count": 1, "topping": null, "menu_of_the_day": null, "old_price": 10.99, "cart": "1", "item": 2, "master": null, "order": 159}}, {"pk": 3, "model": "order.rating", "fields": {"feedback": "Acesta e cu stelute", "delivery_time": "4", "quality": "2", "user": 2, "order": 61}}, {"pk": 5, "model": "order.rating", "fields": {"feedback": "Sa vad daca primesc bonus :)", "delivery_time": "2", "quality": "4", "user": 2, "order": 56}}, {"pk": 6, "model": "order.rating", "fields": {"feedback": "Mai incerc o data sa primesc bonus :)", "delivery_time": "4", "quality": "2", "user": 2, "order": 54}}, {"pk": 7, "model": "order.rating", "fields": {"feedback": "bine", "delivery_time": "2", "quality": "4", "user": 2, "order": 87}}, {"pk": 8, "model": "order.rating", "fields": {"feedback": "", "delivery_time": "2", "quality": "2", "user": 2, "order": 98}}, {"pk": 9, "model": "order.rating", "fields": {"feedback": "", "delivery_time": "3", "quality": "3", "user": 2, "order": 126}}, {"pk": 10, "model": "order.rating", "fields": {"feedback": "", "delivery_time": "4", "quality": "2", "user": 2, "order": 128}}, {"pk": 11, "model": "order.rating", "fields": {"feedback": "", "delivery_time": "5", "quality": "1", "user": 2, "order": 32}}, {"pk": 12, "model": "order.rating", "fields": {"feedback": "maxim", "delivery_time": "5", "quality": "5", "user": 2, "order": 127}}, {"pk": 13, "model": "order.rating", "fields": {"feedback": "", "delivery_time": "4", "quality": "2", "user": 2, "order": 129}}]