[{"pk": 1, "model": "menu.language", "fields": {"code": "en", "name": "English"}}, {"pk": 2, "model": "menu.language", "fields": {"code": "ro", "name": "Romana"}}, {"pk": 1, "model": "menu.vat", "fields": {"name": "RO_full", "value": 1.24}}, {"pk": 2, "model": "menu.vat", "fields": {"name": "RO_half", "value": 1.9}}, {"pk": 1, "model": "menu.itemgrouptranslation", "fields": {"model": 1, "name": "meniu", "language": 2}}, {"pk": 2, "model": "menu.itemgrouptranslation", "fields": {"model": 1, "name": "menu", "language": 1}}, {"pk": 1, "model": "menu.itemgroup", "fields": {"index": 1.0, "exclusive": false, "name_def": "Ciorbe", "internal_name": "ciorbute", "active": true, "unit": 1}}, {"pk": 2, "model": "menu.itemgroup", "fields": {"index": 2.0, "exclusive": false, "name_def": "ItemG din R2", "internal_name": "ItemG din R2", "active": true, "unit": 2}}, {"pk": 3, "model": "menu.itemgroup", "fields": {"index": 3.0, "exclusive": false, "name_def": "Parinti", "internal_name": "Parinti", "active": true, "unit": 7}}, {"pk": 1, "model": "menu.toppinggroup", "fields": {"unit": 1, "internal_name": "PizzaTopping"}}, {"pk": 2, "model": "menu.toppinggroup", "fields": {"unit": 1, "internal_name": "branzici"}}, {"pk": 1, "model": "menu.itemtranslation", "fields": {"model": 1, "name": "Cow and Chikin", "language": 1, "description": "Some description"}}, {"pk": 2, "model": "menu.itemtranslation", "fields": {"model": 1, "name": "Tocanita de puioc", "language": 2, "description": "Ceva descriere"}}, {"pk": 3, "model": "menu.itemtranslation", "fields": {"model": 2, "name": "Tomato soup", "language": 1, "description": "Soup that contain tomatoe juice"}}, {"pk": 4, "model": "menu.itemtranslation", "fields": {"model": 2, "name": "Supa de rosii", "language": 2, "description": "Supa care contine bulion"}}, {"pk": 5, "model": "menu.itemtranslation", "fields": {"model": 3, "name": "Mustard", "language": 1, "description": "Some desc"}}, {"pk": 6, "model": "menu.itemtranslation", "fields": {"model": 3, "name": "Mustar", "language": 2, "description": "Ceva desc"}}, {"pk": 7, "model": "menu.itemtranslation", "fields": {"model": 4, "name": "CatchUp", "language": 1, "description": "c"}}, {"pk": 8, "model": "menu.itemtranslation", "fields": {"model": 4, "name": "Catchup", "language": 2, "description": "c"}}, {"pk": 9, "model": "menu.itemtranslation", "fields": {"model": 5, "name": "some stuff", "language": 1, "description": "ds"}}, {"pk": 10, "model": "menu.itemtranslation", "fields": {"model": 5, "name": "chestiuune", "language": 2, "description": "ew"}}, {"pk": 11, "model": "menu.itemtranslation", "fields": {"model": 7, "name": "Test in engleza", "language": 1, "description": "Tesd description"}}, {"pk": 12, "model": "menu.itemtranslation", "fields": {"model": 8, "name": "Mother", "language": 1, "description": "Mother description"}}, {"pk": 13, "model": "menu.itemtranslation", "fields": {"model": 9, "name": "father", "language": 1, "description": "Father desc"}}, {"pk": 1, "model": "menu.item", "fields": {"index": 1.0, "image_path": "", "added_date": "2010-10-13", "fortune": true, "speciality": true, "mcg": null, "price": 10.0, "item_group": 1, "name_def": "Tocanita de puioc", "toppings": 1, "description_def": "Ceva descriere", "internal_name": "tocanita de puisor", "active": true, "measurement_unit": "GR", "promotion": 1, "vat": 1, "quantity": 10}}, {"pk": 2, "model": "menu.item", "fields": {"index": 2.0, "image_path": "item_images/mustata.png", "added_date": "2010-10-13", "fortune": true, "speciality": false, "mcg": null, "price": 10.99, "item_group": 1, "name_def": "Supa de rosii", "toppings": 1, "description_def": "Supa care contine bulion", "internal_name": "supa de rosii", "active": true, "measurement_unit": "GR", "promotion": 2, "vat": 1, "quantity": 0}}, {"pk": 3, "model": "menu.item", "fields": {"index": 3.0, "image_path": "", "added_date": "2010-10-13", "fortune": false, "speciality": false, "mcg": null, "price": 1.0, "item_group": 1, "name_def": "Mustar", "toppings": null, "description_def": "Ceva desc", "internal_name": "Mustar", "active": true, "measurement_unit": "GR", "promotion": null, "vat": 1, "quantity": 0}}, {"pk": 4, "model": "menu.item", "fields": {"index": 4.0, "image_path": "", "added_date": "2010-10-13", "fortune": false, "speciality": false, "mcg": null, "price": 1.0, "item_group": 1, "name_def": "Catchup", "toppings": null, "description_def": "c", "internal_name": "Ceciup", "active": true, "measurement_unit": "GR", "promotion": 1, "vat": 1, "quantity": 0}}, {"pk": 5, "model": "menu.item", "fields": {"index": 5.0, "image_path": "", "added_date": "2010-10-13", "fortune": false, "speciality": false, "mcg": null, "price": 5.0, "item_group": 1, "name_def": "chestiune cu varza murata si ciuperci cu fasole", "toppings": null, "description_def": "ew", "internal_name": "ceva chestie", "active": true, "measurement_unit": "GR", "promotion": 2, "vat": 1, "quantity": 0}}, {"pk": 7, "model": "menu.item", "fields": {"index": 7.0, "image_path": "", "added_date": "2010-10-27", "fortune": false, "speciality": true, "mcg": null, "price": 6.0, "item_group": 2, "name_def": "Test", "toppings": 1, "description_def": "Mancare de test ", "internal_name": "test", "active": true, "measurement_unit": "GR", "promotion": null, "vat": 1, "quantity": 200}}, {"pk": 8, "model": "menu.item", "fields": {"index": 8.0, "image_path": "", "added_date": "2011-05-16", "fortune": false, "speciality": false, "mcg": null, "price": 10.0, "item_group": 3, "name_def": "Mama", "toppings": null, "description_def": "Un meniu de import", "internal_name": "mama", "active": true, "measurement_unit": "GR", "promotion": null, "vat": 1, "quantity": 11}}, {"pk": 9, "model": "menu.item", "fields": {"index": 9.0, "image_path": "", "added_date": "2011-05-16", "fortune": false, "speciality": false, "mcg": null, "price": 12.0, "item_group": 3, "name_def": "Tata", "toppings": null, "description_def": "Un meniu de import 2", "internal_name": "tata", "active": true, "measurement_unit": "GR", "promotion": null, "vat": 1, "quantity": 13}}, {"pk": 1, "model": "menu.variation", "fields": {"active": true, "item": 2, "price": 20.0, "name": "Mare"}}, {"pk": 1, "model": "menu.topping", "fields": {"mcg": null, "price": 1.0, "added_date": "2011-08-22", "name_def": "Cascaval", "description_def": "Ceva cascaval asa", "internal_name": "casacaval", "active": true, "measurement_unit": "GR", "topping_group": 2, "vat": 1, "quantity": 20}}, {"pk": 2, "model": "menu.topping", "fields": {"mcg": null, "price": 3.0, "added_date": "2011-08-22", "name_def": "Parmezan", "description_def": "Ceva parmezan", "internal_name": "parmezan", "active": true, "measurement_unit": "GR", "topping_group": 1, "vat": 1, "quantity": 20}}, {"pk": 3, "model": "menu.promotion", "fields": {"absolute_price": 0.0, "numer_of_items": 1, "name": "20 peste 20", "end_date": null, "total_sum_trigger": 20.0, "start_hour": "", "end_hour": "", "weekdays": "", "internal_name": "douazeci", "logo": "promotions_logos/house_icon.png", "procentage": 20, "start_date": "2012-01-09 13:35:00", "unit": 1}}, {"pk": 2, "model": "menu.promotion", "fields": {"absolute_price": 0.0, "numer_of_items": 2, "name": "Una gratis", "end_date": null, "total_sum_trigger": 0.0, "start_hour": "", "end_hour": "", "weekdays": "", "internal_name": "una gratis", "logo": "", "procentage": 0, "start_date": "2012-01-04 18:12:00", "unit": 1}}, {"pk": 1, "model": "menu.promotion", "fields": {"absolute_price": 12.0, "numer_of_items": 1, "name": "Marea promotie", "end_date": null, "total_sum_trigger": 0.0, "start_hour": "", "end_hour": "", "weekdays": "", "internal_name": "0", "logo": "promotions_logos/recomandat.png", "procentage": 0, "start_date": "2012-01-04 18:10:00", "unit": 1}}, {"pk": 1, "model": "menu.menuoftheday", "fields": {"price": 10.0, "description": "<p>CORNURI umplute cu branza Mozzarella si salam peperoni, asezonate cu chimen si parmezan, servite alaturi de unul din sosurile nostre.</p>", "day": "2012-01-09", "unit": 1, "name": "Meniu complet cu 10 lei"}}, {"pk": 2, "model": "menu.menuoftheday", "fields": {"price": 14.99, "description": "<ol>\r\n<li>Sup\u0103 cu g\u0103lu\u0219te</li>\r\n<li>Ra\u021b\u0103 cu umpluta + cartofi prajiti</li>\r\n<li>O b\u0103utur\u0103 la alegere</li>\r\n</ol>", "day": "2012-01-08", "unit": 2, "name": "Alt meniu al zilei"}}, {"pk": 3, "model": "menu.menuoftheday", "fields": {"price": 7.5, "description": "<p>Mazarica asa mai prajita, asa.</p>\r\n<ul>\r\n<li>sos</li>\r\n<li>mazarique</li>\r\n<li>marar</li>\r\n<li>prajitura</li>\r\n</ul>", "day": "2012-01-08", "unit": 7, "name": "M\u0103z\u0103rique prajit\u0103"}}, {"pk": 1, "model": "menu.import", "fields": {"csv_file": "imports/TabelMeniu.csv", "user": 1, "import_date": "2011-05-16 16:51:14"}}]